compatibility_id,organ_id,donor_id,recipient_id,organ_type,donor_blood_group,recipient_blood_group,blood_group_compatible,crossmatch_status,size_compatible,overall_compatibility
C000001,O00001,D00002,R00010,Lung,A-,O+,False,Incompatible,True,Incompatible
C000002,O00001,D00002,R00011,Lung,A-,A-,True,Compatible,True,Compatible
C000003,O00001,D00002,R00026,Lung,A-,A-,True,Compatible,True,Compatible
C000004,O00001,D00002,R00027,Lung,A-,B+,False,Incompatible,True,Incompatible
C000005,O00001,D00002,R00037,Lung,A-,A-,True,Compatible,True,Compatible
C000006,O00001,D00002,R00039,Lung,A-,A+,False,Incompatible,False,Incompatible
C000007,O00001,D00002,R00046,Lung,A-,AB-,False,Incompatible,True,Incompatible
C000008,O00001,D00002,R00048,Lung,A-,AB-,False,Incompatible,True,Incompatible
C000009,O00001,D00002,R00049,Lung,A-,B-,False,Incompatible,True,Incompatible
C000010,O00002,D00002,R00004,Liver,A-,A+,False,Incompatible,True,Incompatible
C000011,O00002,D00002,R00006,Liver,A-,B-,False,Incompatible,True,Incompatible
C000012,O00002,D00002,R00007,Liver,A-,AB+,False,Incompatible,True,Incompatible
C000013,O00002,D00002,R00008,Liver,A-,O+,False,Incompatible,True,Incompatible
C000014,O00002,D00002,R00009,Liver,A-,AB+,False,Incompatible,True,Incompatible
C000015,O00002,D00002,R00013,Liver,A-,A+,False,Incompatible,True,Incompatible
C000016,O00002,D00002,R00017,Liver,A-,O-,True,Pending,True,Potentially_Compatible
C000017,O00002,D00002,R00018,Liver,A-,AB-,False,Incompatible,True,Incompatible
C000018,O00002,D00002,R00019,Liver,A-,B+,False,Incompatible,True,Incompatible
C000019,O00002,D00002,R00021,Liver,A-,O-,True,Compatible,True,Compatible
C000020,O00002,D00002,R00022,Liver,A-,AB+,False,Incompatible,True,Incompatible
C000021,O00002,D00002,R00024,Liver,A-,O+,False,Incompatible,True,Incompatible
C000022,O00002,D00002,R00028,Liver,A-,B+,False,Incompatible,True,Incompatible
C000023,O00002,D00002,R00029,Liver,A-,B-,False,Incompatible,True,Incompatible
C000024,O00002,D00002,R00030,Liver,A-,AB+,False,Incompatible,True,Incompatible
C000025,O00002,D00002,R00038,Liver,A-,AB-,False,Incompatible,True,Incompatible
C000026,O00002,D00002,R00040,Liver,A-,AB-,False,Incompatible,True,Incompatible
C000027,O00002,D00002,R00041,Liver,A-,O+,False,Incompatible,True,Incompatible
C000028,O00002,D00002,R00042,Liver,A-,B-,False,Incompatible,True,Incompatible
C000029,O00002,D00002,R00050,Liver,A-,O+,False,Incompatible,True,Incompatible
C000030,O00003,D00003,R00010,Lung,B+,O+,True,Pending,False,Potentially_Compatible
C000031,O00003,D00003,R00011,Lung,B+,A-,False,Incompatible,True,Incompatible
C000032,O00003,D00003,R00026,Lung,B+,A-,False,Incompatible,False,Incompatible
C000033,O00003,D00003,R00027,Lung,B+,B+,True,Compatible,False,Potentially_Compatible
C000034,O00003,D00003,R00037,Lung,B+,A-,False,Incompatible,True,Incompatible
C000035,O00003,D00003,R00039,Lung,B+,A+,False,Incompatible,False,Incompatible
C000036,O00003,D00003,R00046,Lung,B+,AB-,False,Incompatible,True,Incompatible
C000037,O00003,D00003,R00048,Lung,B+,AB-,False,Incompatible,True,Incompatible
C000038,O00003,D00003,R00049,Lung,B+,B-,True,Compatible,False,Potentially_Compatible
C000039,O00004,D00004,R00010,Lung,A+,O+,True,Compatible,False,Potentially_Compatible
C000040,O00004,D00004,R00011,Lung,A+,A-,True,Compatible,False,Potentially_Compatible
C000041,O00004,D00004,R00026,Lung,A+,A-,True,Compatible,True,Compatible
C000042,O00004,D00004,R00027,Lung,A+,B+,False,Incompatible,True,Incompatible
C000043,O00004,D00004,R00037,Lung,A+,A-,True,Compatible,False,Potentially_Compatible
C000044,O00004,D00004,R00039,Lung,A+,A+,True,Compatible,True,Compatible
C000045,O00004,D00004,R00046,Lung,A+,AB-,False,Incompatible,False,Incompatible
C000046,O00004,D00004,R00048,Lung,A+,AB-,False,Incompatible,True,Incompatible
C000047,O00004,D00004,R00049,Lung,A+,B-,False,Incompatible,False,Incompatible
C000048,O00005,D00004,R00015,Kidney,A+,AB-,False,Incompatible,True,Incompatible
C000049,O00005,D00004,R00016,Kidney,A+,B-,False,Incompatible,True,Incompatible
C000050,O00005,D00004,R00023,Kidney,A+,B-,False,Incompatible,True,Incompatible
C000051,O00005,D00004,R00025,Kidney,A+,B+,False,Incompatible,True,Incompatible
C000052,O00005,D00004,R00031,Kidney,A+,B-,False,Incompatible,True,Incompatible
C000053,O00005,D00004,R00033,Kidney,A+,A+,True,Compatible,True,Compatible
C000054,O00005,D00004,R00044,Kidney,A+,O-,True,Compatible,True,Compatible
C000055,O00005,D00004,R00045,Kidney,A+,AB+,False,Incompatible,True,Incompatible
C000056,O00006,D00004,R00001,Heart,A+,O-,True,Pending,True,Potentially_Compatible
C000057,O00006,D00004,R00002,Heart,A+,O-,True,Compatible,True,Compatible
C000058,O00006,D00004,R00003,Heart,A+,B+,False,Incompatible,True,Incompatible
C000059,O00006,D00004,R00005,Heart,A+,AB-,False,Incompatible,True,Incompatible
C000060,O00006,D00004,R00012,Heart,A+,AB+,False,Incompatible,False,Incompatible
C000061,O00006,D00004,R00014,Heart,A+,A-,True,Compatible,True,Compatible
C000062,O00006,D00004,R00020,Heart,A+,O-,True,Pending,True,Potentially_Compatible
C000063,O00006,D00004,R00032,Heart,A+,B+,False,Incompatible,True,Incompatible
C000064,O00006,D00004,R00034,Heart,A+,B+,False,Incompatible,True,Incompatible
C000065,O00006,D00004,R00035,Heart,A+,A-,True,Compatible,True,Compatible
C000066,O00006,D00004,R00036,Heart,A+,O-,True,Compatible,True,Compatible
C000067,O00006,D00004,R00043,Heart,A+,AB-,False,Incompatible,False,Incompatible
C000068,O00006,D00004,R00047,Heart,A+,O-,True,Compatible,True,Compatible
C000069,O00007,D00004,R00004,Liver,A+,A+,True,Compatible,True,Compatible
C000070,O00007,D00004,R00006,Liver,A+,B-,False,Incompatible,True,Incompatible
C000071,O00007,D00004,R00007,Liver,A+,AB+,False,Incompatible,True,Incompatible
C000072,O00007,D00004,R00008,Liver,A+,O+,True,Compatible,True,Compatible
C000073,O00007,D00004,R00009,Liver,A+,AB+,False,Incompatible,True,Incompatible
C000074,O00007,D00004,R00013,Liver,A+,A+,True,Compatible,True,Compatible
C000075,O00007,D00004,R00017,Liver,A+,O-,True,Pending,True,Potentially_Compatible
C000076,O00007,D00004,R00018,Liver,A+,AB-,False,Incompatible,True,Incompatible
C000077,O00007,D00004,R00019,Liver,A+,B+,False,Incompatible,True,Incompatible
C000078,O00007,D00004,R00021,Liver,A+,O-,True,Pending,True,Potentially_Compatible
C000079,O00007,D00004,R00022,Liver,A+,AB+,False,Incompatible,True,Incompatible
C000080,O00007,D00004,R00024,Liver,A+,O+,True,Pending,True,Potentially_Compatible
C000081,O00007,D00004,R00028,Liver,A+,B+,False,Incompatible,True,Incompatible
C000082,O00007,D00004,R00029,Liver,A+,B-,False,Incompatible,True,Incompatible
C000083,O00007,D00004,R00030,Liver,A+,AB+,False,Incompatible,True,Incompatible
C000084,O00007,D00004,R00038,Liver,A+,AB-,False,Incompatible,True,Incompatible
C000085,O00007,D00004,R00040,Liver,A+,AB-,False,Incompatible,True,Incompatible
C000086,O00007,D00004,R00041,Liver,A+,O+,True,Compatible,True,Compatible
C000087,O00007,D00004,R00042,Liver,A+,B-,False,Incompatible,True,Incompatible
C000088,O00007,D00004,R00050,Liver,A+,O+,True,Compatible,True,Compatible
C000089,O00008,D00005,R00015,Kidney,AB-,AB-,True,Compatible,True,Compatible
C000090,O00008,D00005,R00016,Kidney,AB-,B-,True,Compatible,True,Compatible
C000091,O00008,D00005,R00023,Kidney,AB-,B-,True,Pending,True,Potentially_Compatible
C000092,O00008,D00005,R00025,Kidney,AB-,B+,False,Incompatible,True,Incompatible
C000093,O00008,D00005,R00031,Kidney,AB-,B-,True,Compatible,True,Compatible
C000094,O00008,D00005,R00033,Kidney,AB-,A+,False,Incompatible,True,Incompatible
C000095,O00008,D00005,R00044,Kidney,AB-,O-,True,Compatible,True,Compatible
C000096,O00008,D00005,R00045,Kidney,AB-,AB+,False,Incompatible,True,Incompatible
C000097,O00009,D00007,R00015,Kidney,AB-,AB-,True,Compatible,True,Compatible
C000098,O00009,D00007,R00016,Kidney,AB-,B-,True,Pending,True,Potentially_Compatible
C000099,O00009,D00007,R00023,Kidney,AB-,B-,True,Incompatible,True,Potentially_Compatible
C000100,O00009,D00007,R00025,Kidney,AB-,B+,False,Incompatible,True,Incompatible
C000101,O00009,D00007,R00031,Kidney,AB-,B-,True,Compatible,True,Compatible
C000102,O00009,D00007,R00033,Kidney,AB-,A+,False,Incompatible,True,Incompatible
C000103,O00009,D00007,R00044,Kidney,AB-,O-,True,Compatible,True,Compatible
C000104,O00009,D00007,R00045,Kidney,AB-,AB+,False,Incompatible,True,Incompatible
C000105,O00010,D00007,R00001,Heart,AB-,O-,True,Compatible,True,Compatible
C000106,O00010,D00007,R00002,Heart,AB-,O-,True,Pending,True,Potentially_Compatible
C000107,O00010,D00007,R00003,Heart,AB-,B+,False,Incompatible,True,Incompatible
C000108,O00010,D00007,R00005,Heart,AB-,AB-,True,Pending,False,Potentially_Compatible
C000109,O00010,D00007,R00012,Heart,AB-,AB+,False,Incompatible,False,Incompatible
C000110,O00010,D00007,R00014,Heart,AB-,A-,True,Compatible,True,Compatible
C000111,O00010,D00007,R00020,Heart,AB-,O-,True,Compatible,True,Compatible
C000112,O00010,D00007,R00032,Heart,AB-,B+,False,Incompatible,True,Incompatible
C000113,O00010,D00007,R00034,Heart,AB-,B+,False,Incompatible,False,Incompatible
C000114,O00010,D00007,R00035,Heart,AB-,A-,True,Compatible,False,Potentially_Compatible
C000115,O00010,D00007,R00036,Heart,AB-,O-,True,Pending,True,Potentially_Compatible
C000116,O00010,D00007,R00043,Heart,AB-,AB-,True,Compatible,False,Potentially_Compatible
C000117,O00010,D00007,R00047,Heart,AB-,O-,True,Compatible,True,Compatible
C000118,O00011,D00009,R00010,Lung,A-,O+,False,Incompatible,True,Incompatible
C000119,O00011,D00009,R00011,Lung,A-,A-,True,Compatible,True,Compatible
C000120,O00011,D00009,R00026,Lung,A-,A-,True,Pending,False,Potentially_Compatible
C000121,O00011,D00009,R00027,Lung,A-,B+,False,Incompatible,False,Incompatible
C000122,O00011,D00009,R00037,Lung,A-,A-,True,Compatible,True,Compatible
C000123,O00011,D00009,R00039,Lung,A-,A+,False,Incompatible,True,Incompatible
C000124,O00011,D00009,R00046,Lung,A-,AB-,False,Incompatible,False,Incompatible
C000125,O00011,D00009,R00048,Lung,A-,AB-,False,Incompatible,False,Incompatible
C000126,O00011,D00009,R00049,Lung,A-,B-,False,Incompatible,True,Incompatible
C000127,O00012,D00009,R00015,Kidney,A-,AB-,False,Incompatible,True,Incompatible
C000128,O00012,D00009,R00016,Kidney,A-,B-,False,Incompatible,True,Incompatible
C000129,O00012,D00009,R00023,Kidney,A-,B-,False,Incompatible,True,Incompatible
C000130,O00012,D00009,R00025,Kidney,A-,B+,False,Incompatible,True,Incompatible
C000131,O00012,D00009,R00031,Kidney,A-,B-,False,Incompatible,True,Incompatible
C000132,O00012,D00009,R00033,Kidney,A-,A+,False,Incompatible,True,Incompatible
C000133,O00012,D00009,R00044,Kidney,A-,O-,True,Compatible,True,Compatible
C000134,O00012,D00009,R00045,Kidney,A-,AB+,False,Incompatible,True,Incompatible
C000135,O00013,D00009,R00004,Liver,A-,A+,False,Incompatible,True,Incompatible
C000136,O00013,D00009,R00006,Liver,A-,B-,False,Incompatible,True,Incompatible
C000137,O00013,D00009,R00007,Liver,A-,AB+,False,Incompatible,True,Incompatible
C000138,O00013,D00009,R00008,Liver,A-,O+,False,Incompatible,True,Incompatible
C000139,O00013,D00009,R00009,Liver,A-,AB+,False,Incompatible,True,Incompatible
C000140,O00013,D00009,R00013,Liver,A-,A+,False,Incompatible,True,Incompatible
C000141,O00013,D00009,R00017,Liver,A-,O-,True,Pending,True,Potentially_Compatible
C000142,O00013,D00009,R00018,Liver,A-,AB-,False,Incompatible,True,Incompatible
C000143,O00013,D00009,R00019,Liver,A-,B+,False,Incompatible,True,Incompatible
C000144,O00013,D00009,R00021,Liver,A-,O-,True,Compatible,True,Compatible
C000145,O00013,D00009,R00022,Liver,A-,AB+,False,Incompatible,True,Incompatible
C000146,O00013,D00009,R00024,Liver,A-,O+,False,Incompatible,True,Incompatible
C000147,O00013,D00009,R00028,Liver,A-,B+,False,Incompatible,True,Incompatible
C000148,O00013,D00009,R00029,Liver,A-,B-,False,Incompatible,True,Incompatible
C000149,O00013,D00009,R00030,Liver,A-,AB+,False,Incompatible,True,Incompatible
C000150,O00013,D00009,R00038,Liver,A-,AB-,False,Incompatible,True,Incompatible
C000151,O00013,D00009,R00040,Liver,A-,AB-,False,Incompatible,True,Incompatible
C000152,O00013,D00009,R00041,Liver,A-,O+,False,Incompatible,True,Incompatible
C000153,O00013,D00009,R00042,Liver,A-,B-,False,Incompatible,True,Incompatible
C000154,O00013,D00009,R00050,Liver,A-,O+,False,Incompatible,True,Incompatible
C000155,O00014,D00011,R00015,Kidney,B-,AB-,False,Incompatible,True,Incompatible
C000156,O00014,D00011,R00016,Kidney,B-,B-,True,Compatible,True,Compatible
C000157,O00014,D00011,R00023,Kidney,B-,B-,True,Compatible,True,Compatible
C000158,O00014,D00011,R00025,Kidney,B-,B+,False,Incompatible,True,Incompatible
C000159,O00014,D00011,R00031,Kidney,B-,B-,True,Compatible,True,Compatible
C000160,O00014,D00011,R00033,Kidney,B-,A+,False,Incompatible,True,Incompatible
C000161,O00014,D00011,R00044,Kidney,B-,O-,True,Compatible,True,Compatible
C000162,O00014,D00011,R00045,Kidney,B-,AB+,False,Incompatible,True,Incompatible
C000163,O00015,D00011,R00010,Lung,B-,O+,False,Incompatible,True,Incompatible
C000164,O00015,D00011,R00011,Lung,B-,A-,False,Incompatible,True,Incompatible
C000165,O00015,D00011,R00026,Lung,B-,A-,False,Incompatible,False,Incompatible
C000166,O00015,D00011,R00027,Lung,B-,B+,False,Incompatible,True,Incompatible
C000167,O00015,D00011,R00037,Lung,B-,A-,False,Incompatible,True,Incompatible
C000168,O00015,D00011,R00039,Lung,B-,A+,False,Incompatible,False,Incompatible
C000169,O00015,D00011,R00046,Lung,B-,AB-,False,Incompatible,True,Incompatible
C000170,O00015,D00011,R00048,Lung,B-,AB-,False,Incompatible,True,Incompatible
C000171,O00015,D00011,R00049,Lung,B-,B-,True,Compatible,False,Potentially_Compatible
C000172,O00016,D00011,R00004,Liver,B-,A+,False,Incompatible,True,Incompatible
C000173,O00016,D00011,R00006,Liver,B-,B-,True,Compatible,True,Compatible
C000174,O00016,D00011,R00007,Liver,B-,AB+,False,Incompatible,True,Incompatible
C000175,O00016,D00011,R00008,Liver,B-,O+,False,Incompatible,True,Incompatible
C000176,O00016,D00011,R00009,Liver,B-,AB+,False,Incompatible,True,Incompatible
C000177,O00016,D00011,R00013,Liver,B-,A+,False,Incompatible,True,Incompatible
C000178,O00016,D00011,R00017,Liver,B-,O-,True,Compatible,True,Compatible
C000179,O00016,D00011,R00018,Liver,B-,AB-,False,Incompatible,True,Incompatible
C000180,O00016,D00011,R00019,Liver,B-,B+,False,Incompatible,True,Incompatible
C000181,O00016,D00011,R00021,Liver,B-,O-,True,Pending,True,Potentially_Compatible
C000182,O00016,D00011,R00022,Liver,B-,AB+,False,Incompatible,True,Incompatible
C000183,O00016,D00011,R00024,Liver,B-,O+,False,Incompatible,True,Incompatible
C000184,O00016,D00011,R00028,Liver,B-,B+,False,Incompatible,True,Incompatible
C000185,O00016,D00011,R00029,Liver,B-,B-,True,Compatible,True,Compatible
C000186,O00016,D00011,R00030,Liver,B-,AB+,False,Incompatible,True,Incompatible
C000187,O00016,D00011,R00038,Liver,B-,AB-,False,Incompatible,True,Incompatible
C000188,O00016,D00011,R00040,Liver,B-,AB-,False,Incompatible,True,Incompatible
C000189,O00016,D00011,R00041,Liver,B-,O+,False,Incompatible,True,Incompatible
C000190,O00016,D00011,R00042,Liver,B-,B-,True,Compatible,True,Compatible
C000191,O00016,D00011,R00050,Liver,B-,O+,False,Incompatible,True,Incompatible
C000192,O00017,D00012,R00001,Heart,A-,O-,True,Compatible,True,Compatible
C000193,O00017,D00012,R00002,Heart,A-,O-,True,Compatible,True,Compatible
C000194,O00017,D00012,R00003,Heart,A-,B+,False,Incompatible,True,Incompatible
C000195,O00017,D00012,R00005,Heart,A-,AB-,False,Incompatible,True,Incompatible
C000196,O00017,D00012,R00012,Heart,A-,AB+,False,Incompatible,True,Incompatible
C000197,O00017,D00012,R00014,Heart,A-,A-,True,Pending,True,Potentially_Compatible
C000198,O00017,D00012,R00020,Heart,A-,O-,True,Pending,True,Potentially_Compatible
C000199,O00017,D00012,R00032,Heart,A-,B+,False,Incompatible,True,Incompatible
C000200,O00017,D00012,R00034,Heart,A-,B+,False,Incompatible,True,Incompatible
C000201,O00017,D00012,R00035,Heart,A-,A-,True,Compatible,True,Compatible
C000202,O00017,D00012,R00036,Heart,A-,O-,True,Compatible,True,Compatible
C000203,O00017,D00012,R00043,Heart,A-,AB-,False,Incompatible,True,Incompatible
C000204,O00017,D00012,R00047,Heart,A-,O-,True,Compatible,True,Compatible
C000205,O00018,D00012,R00015,Kidney,A-,AB-,False,Incompatible,True,Incompatible
C000206,O00018,D00012,R00016,Kidney,A-,B-,False,Incompatible,True,Incompatible
C000207,O00018,D00012,R00023,Kidney,A-,B-,False,Incompatible,True,Incompatible
C000208,O00018,D00012,R00025,Kidney,A-,B+,False,Incompatible,True,Incompatible
C000209,O00018,D00012,R00031,Kidney,A-,B-,False,Incompatible,True,Incompatible
C000210,O00018,D00012,R00033,Kidney,A-,A+,False,Incompatible,True,Incompatible
C000211,O00018,D00012,R00044,Kidney,A-,O-,True,Compatible,True,Compatible
C000212,O00018,D00012,R00045,Kidney,A-,AB+,False,Incompatible,True,Incompatible
C000213,O00019,D00013,R00001,Heart,B-,O-,True,Incompatible,True,Potentially_Compatible
C000214,O00019,D00013,R00002,Heart,B-,O-,True,Pending,False,Potentially_Compatible
C000215,O00019,D00013,R00003,Heart,B-,B+,False,Incompatible,True,Incompatible
C000216,O00019,D00013,R00005,Heart,B-,AB-,False,Incompatible,False,Incompatible
C000217,O00019,D00013,R00012,Heart,B-,AB+,False,Incompatible,True,Incompatible
C000218,O00019,D00013,R00014,Heart,B-,A-,False,Incompatible,False,Incompatible
C000219,O00019,D00013,R00020,Heart,B-,O-,True,Compatible,True,Compatible
C000220,O00019,D00013,R00032,Heart,B-,B+,False,Incompatible,True,Incompatible
C000221,O00019,D00013,R00034,Heart,B-,B+,False,Incompatible,False,Incompatible
C000222,O00019,D00013,R00035,Heart,B-,A-,False,Incompatible,True,Incompatible
C000223,O00019,D00013,R00036,Heart,B-,O-,True,Incompatible,False,Potentially_Compatible
C000224,O00019,D00013,R00043,Heart,B-,AB-,False,Incompatible,False,Incompatible
C000225,O00019,D00013,R00047,Heart,B-,O-,True,Incompatible,False,Potentially_Compatible
C000226,O00020,D00013,R00010,Lung,B-,O+,False,Incompatible,False,Incompatible
C000227,O00020,D00013,R00011,Lung,B-,A-,False,Incompatible,True,Incompatible
C000228,O00020,D00013,R00026,Lung,B-,A-,False,Incompatible,False,Incompatible
C000229,O00020,D00013,R00027,Lung,B-,B+,False,Incompatible,True,Incompatible
C000230,O00020,D00013,R00037,Lung,B-,A-,False,Incompatible,True,Incompatible
C000231,O00020,D00013,R00039,Lung,B-,A+,False,Incompatible,True,Incompatible
C000232,O00020,D00013,R00046,Lung,B-,AB-,False,Incompatible,False,Incompatible
C000233,O00020,D00013,R00048,Lung,B-,AB-,False,Incompatible,False,Incompatible
C000234,O00020,D00013,R00049,Lung,B-,B-,True,Compatible,False,Potentially_Compatible
C000235,O00021,D00014,R00015,Kidney,A+,AB-,False,Incompatible,True,Incompatible
C000236,O00021,D00014,R00016,Kidney,A+,B-,False,Incompatible,True,Incompatible
C000237,O00021,D00014,R00023,Kidney,A+,B-,False,Incompatible,True,Incompatible
C000238,O00021,D00014,R00025,Kidney,A+,B+,False,Incompatible,True,Incompatible
C000239,O00021,D00014,R00031,Kidney,A+,B-,False,Incompatible,True,Incompatible
C000240,O00021,D00014,R00033,Kidney,A+,A+,True,Pending,True,Potentially_Compatible
C000241,O00021,D00014,R00044,Kidney,A+,O-,True,Compatible,True,Compatible
C000242,O00021,D00014,R00045,Kidney,A+,AB+,False,Incompatible,True,Incompatible
C000243,O00022,D00015,R00010,Lung,A+,O+,True,Compatible,True,Compatible
C000244,O00022,D00015,R00011,Lung,A+,A-,True,Pending,True,Potentially_Compatible
C000245,O00022,D00015,R00026,Lung,A+,A-,True,Pending,True,Potentially_Compatible
C000246,O00022,D00015,R00027,Lung,A+,B+,False,Incompatible,True,Incompatible
C000247,O00022,D00015,R00037,Lung,A+,A-,True,Pending,False,Potentially_Compatible
C000248,O00022,D00015,R00039,Lung,A+,A+,True,Compatible,True,Compatible
C000249,O00022,D00015,R00046,Lung,A+,AB-,False,Incompatible,True,Incompatible
C000250,O00022,D00015,R00048,Lung,A+,AB-,False,Incompatible,False,Incompatible
C000251,O00022,D00015,R00049,Lung,A+,B-,False,Incompatible,True,Incompatible
C000252,O00023,D00015,R00001,Heart,A+,O-,True,Compatible,True,Compatible
C000253,O00023,D00015,R00002,Heart,A+,O-,True,Pending,True,Potentially_Compatible
C000254,O00023,D00015,R00003,Heart,A+,B+,False,Incompatible,True,Incompatible
C000255,O00023,D00015,R00005,Heart,A+,AB-,False,Incompatible,False,Incompatible
C000256,O00023,D00015,R00012,Heart,A+,AB+,False,Incompatible,False,Incompatible
C000257,O00023,D00015,R00014,Heart,A+,A-,True,Pending,True,Potentially_Compatible
C000258,O00023,D00015,R00020,Heart,A+,O-,True,Compatible,True,Compatible
C000259,O00023,D00015,R00032,Heart,A+,B+,False,Incompatible,True,Incompatible
C000260,O00023,D00015,R00034,Heart,A+,B+,False,Incompatible,True,Incompatible
C000261,O00023,D00015,R00035,Heart,A+,A-,True,Compatible,True,Compatible
C000262,O00023,D00015,R00036,Heart,A+,O-,True,Incompatible,True,Potentially_Compatible
C000263,O00023,D00015,R00043,Heart,A+,AB-,False,Incompatible,True,Incompatible
C000264,O00023,D00015,R00047,Heart,A+,O-,True,Compatible,False,Potentially_Compatible
C000265,O00024,D00016,R00001,Heart,A-,O-,True,Pending,True,Potentially_Compatible
C000266,O00024,D00016,R00002,Heart,A-,O-,True,Compatible,True,Compatible
C000267,O00024,D00016,R00003,Heart,A-,B+,False,Incompatible,False,Incompatible
C000268,O00024,D00016,R00005,Heart,A-,AB-,False,Incompatible,True,Incompatible
C000269,O00024,D00016,R00012,Heart,A-,AB+,False,Incompatible,True,Incompatible
C000270,O00024,D00016,R00014,Heart,A-,A-,True,Compatible,True,Compatible
C000271,O00024,D00016,R00020,Heart,A-,O-,True,Pending,True,Potentially_Compatible
C000272,O00024,D00016,R00032,Heart,A-,B+,False,Incompatible,False,Incompatible
C000273,O00024,D00016,R00034,Heart,A-,B+,False,Incompatible,True,Incompatible
C000274,O00024,D00016,R00035,Heart,A-,A-,True,Compatible,True,Compatible
C000275,O00024,D00016,R00036,Heart,A-,O-,True,Compatible,True,Compatible
C000276,O00024,D00016,R00043,Heart,A-,AB-,False,Incompatible,True,Incompatible
C000277,O00024,D00016,R00047,Heart,A-,O-,True,Compatible,True,Compatible
C000278,O00025,D00017,R00015,Kidney,O+,AB-,False,Incompatible,True,Incompatible
C000279,O00025,D00017,R00016,Kidney,O+,B-,False,Incompatible,True,Incompatible
C000280,O00025,D00017,R00023,Kidney,O+,B-,False,Incompatible,True,Incompatible
C000281,O00025,D00017,R00025,Kidney,O+,B+,False,Incompatible,True,Incompatible
C000282,O00025,D00017,R00031,Kidney,O+,B-,False,Incompatible,True,Incompatible
C000283,O00025,D00017,R00033,Kidney,O+,A+,False,Incompatible,True,Incompatible
C000284,O00025,D00017,R00044,Kidney,O+,O-,True,Compatible,True,Compatible
C000285,O00025,D00017,R00045,Kidney,O+,AB+,False,Incompatible,True,Incompatible
C000286,O00026,D00017,R00004,Liver,O+,A+,False,Incompatible,True,Incompatible
C000287,O00026,D00017,R00006,Liver,O+,B-,False,Incompatible,True,Incompatible
C000288,O00026,D00017,R00007,Liver,O+,AB+,False,Incompatible,True,Incompatible
C000289,O00026,D00017,R00008,Liver,O+,O+,True,Compatible,True,Compatible
C000290,O00026,D00017,R00009,Liver,O+,AB+,False,Incompatible,True,Incompatible
C000291,O00026,D00017,R00013,Liver,O+,A+,False,Incompatible,True,Incompatible
C000292,O00026,D00017,R00017,Liver,O+,O-,True,Compatible,True,Compatible
C000293,O00026,D00017,R00018,Liver,O+,AB-,False,Incompatible,True,Incompatible
C000294,O00026,D00017,R00019,Liver,O+,B+,False,Incompatible,True,Incompatible
C000295,O00026,D00017,R00021,Liver,O+,O-,True,Pending,True,Potentially_Compatible
C000296,O00026,D00017,R00022,Liver,O+,AB+,False,Incompatible,True,Incompatible
C000297,O00026,D00017,R00024,Liver,O+,O+,True,Compatible,True,Compatible
C000298,O00026,D00017,R00028,Liver,O+,B+,False,Incompatible,True,Incompatible
C000299,O00026,D00017,R00029,Liver,O+,B-,False,Incompatible,True,Incompatible
C000300,O00026,D00017,R00030,Liver,O+,AB+,False,Incompatible,True,Incompatible
C000301,O00026,D00017,R00038,Liver,O+,AB-,False,Incompatible,True,Incompatible
C000302,O00026,D00017,R00040,Liver,O+,AB-,False,Incompatible,True,Incompatible
C000303,O00026,D00017,R00041,Liver,O+,O+,True,Compatible,True,Compatible
C000304,O00026,D00017,R00042,Liver,O+,B-,False,Incompatible,True,Incompatible
C000305,O00026,D00017,R00050,Liver,O+,O+,True,Pending,True,Potentially_Compatible
C000306,O00027,D00018,R00010,Lung,O-,O+,False,Incompatible,False,Incompatible
C000307,O00027,D00018,R00011,Lung,O-,A-,False,Incompatible,True,Incompatible
C000308,O00027,D00018,R00026,Lung,O-,A-,False,Incompatible,False,Incompatible
C000309,O00027,D00018,R00027,Lung,O-,B+,False,Incompatible,False,Incompatible
C000310,O00027,D00018,R00037,Lung,O-,A-,False,Incompatible,True,Incompatible
C000311,O00027,D00018,R00039,Lung,O-,A+,False,Incompatible,False,Incompatible
C000312,O00027,D00018,R00046,Lung,O-,AB-,False,Incompatible,True,Incompatible
C000313,O00027,D00018,R00048,Lung,O-,AB-,False,Incompatible,False,Incompatible
C000314,O00027,D00018,R00049,Lung,O-,B-,False,Incompatible,False,Incompatible
C000315,O00028,D00018,R00001,Heart,O-,O-,True,Compatible,True,Compatible
C000316,O00028,D00018,R00002,Heart,O-,O-,True,Compatible,False,Potentially_Compatible
C000317,O00028,D00018,R00003,Heart,O-,B+,False,Incompatible,False,Incompatible
C000318,O00028,D00018,R00005,Heart,O-,AB-,False,Incompatible,True,Incompatible
C000319,O00028,D00018,R00012,Heart,O-,AB+,False,Incompatible,True,Incompatible
C000320,O00028,D00018,R00014,Heart,O-,A-,False,Incompatible,True,Incompatible
C000321,O00028,D00018,R00020,Heart,O-,O-,True,Compatible,True,Compatible
C000322,O00028,D00018,R00032,Heart,O-,B+,False,Incompatible,True,Incompatible
C000323,O00028,D00018,R00034,Heart,O-,B+,False,Incompatible,False,Incompatible
C000324,O00028,D00018,R00035,Heart,O-,A-,False,Incompatible,True,Incompatible
C000325,O00028,D00018,R00036,Heart,O-,O-,True,Pending,False,Potentially_Compatible
C000326,O00028,D00018,R00043,Heart,O-,AB-,False,Incompatible,True,Incompatible
C000327,O00028,D00018,R00047,Heart,O-,O-,True,Pending,True,Potentially_Compatible
C000328,O00029,D00018,R00015,Kidney,O-,AB-,False,Incompatible,True,Incompatible
C000329,O00029,D00018,R00016,Kidney,O-,B-,False,Incompatible,True,Incompatible
C000330,O00029,D00018,R00023,Kidney,O-,B-,False,Incompatible,True,Incompatible
C000331,O00029,D00018,R00025,Kidney,O-,B+,False,Incompatible,True,Incompatible
C000332,O00029,D00018,R00031,Kidney,O-,B-,False,Incompatible,True,Incompatible
C000333,O00029,D00018,R00033,Kidney,O-,A+,False,Incompatible,True,Incompatible
C000334,O00029,D00018,R00044,Kidney,O-,O-,True,Compatible,True,Compatible
C000335,O00029,D00018,R00045,Kidney,O-,AB+,False,Incompatible,True,Incompatible
C000336,O00030,D00019,R00001,Heart,AB-,O-,True,Incompatible,False,Potentially_Compatible
C000337,O00030,D00019,R00002,Heart,AB-,O-,True,Compatible,True,Compatible
C000338,O00030,D00019,R00003,Heart,AB-,B+,False,Incompatible,True,Incompatible
C000339,O00030,D00019,R00005,Heart,AB-,AB-,True,Compatible,False,Potentially_Compatible
C000340,O00030,D00019,R00012,Heart,AB-,AB+,False,Incompatible,False,Incompatible
C000341,O00030,D00019,R00014,Heart,AB-,A-,True,Compatible,True,Compatible
C000342,O00030,D00019,R00020,Heart,AB-,O-,True,Compatible,True,Compatible
C000343,O00030,D00019,R00032,Heart,AB-,B+,False,Incompatible,True,Incompatible
C000344,O00030,D00019,R00034,Heart,AB-,B+,False,Incompatible,True,Incompatible
C000345,O00030,D00019,R00035,Heart,AB-,A-,True,Compatible,False,Potentially_Compatible
C000346,O00030,D00019,R00036,Heart,AB-,O-,True,Compatible,True,Compatible
C000347,O00030,D00019,R00043,Heart,AB-,AB-,True,Compatible,False,Potentially_Compatible
C000348,O00030,D00019,R00047,Heart,AB-,O-,True,Compatible,False,Potentially_Compatible
C000349,O00031,D00019,R00015,Kidney,AB-,AB-,True,Compatible,True,Compatible
C000350,O00031,D00019,R00016,Kidney,AB-,B-,True,Compatible,True,Compatible
C000351,O00031,D00019,R00023,Kidney,AB-,B-,True,Compatible,True,Compatible
C000352,O00031,D00019,R00025,Kidney,AB-,B+,False,Incompatible,True,Incompatible
C000353,O00031,D00019,R00031,Kidney,AB-,B-,True,Compatible,True,Compatible
C000354,O00031,D00019,R00033,Kidney,AB-,A+,False,Incompatible,True,Incompatible
C000355,O00031,D00019,R00044,Kidney,AB-,O-,True,Compatible,True,Compatible
C000356,O00031,D00019,R00045,Kidney,AB-,AB+,False,Incompatible,True,Incompatible
