donor_id,donor_type,age,sex,height_cm,weight_kg,blood_group,cause_of_death_category,medical_history_category,consent_status,verification_status,hospital_id,donor_status
D00001,Living,42,Female,170.0,63.3,AB+,Not_Applicable,Relevant_Medical_History,Verified,Verified,H0001,Verified
D00002,Deceased,61,Male,171.5,83.3,A-,Other,Relevant_Medical_History,Pending,Verified,H0003,Potential
D00003,Deceased,62,Male,162.7,62.2,B+,Other,No_Major_History,Verified,Verified,H0003,Verified
D00004,Deceased,54,Female,180.8,74.2,A+,Traumatic_Brain_Injury,Relevant_Medical_History,Verified,Verified,H0001,Verified
D00005,Deceased,65,Female,160.3,71.5,AB-,Traumatic_Brain_Injury,Relevant_Medical_History,Verified,Verified,H0002,Potential
D00006,Living,50,Female,160.4,59.4,O+,Not_Applicable,No_Major_History,Verified,Verified,H0002,Potential
D00007,Deceased,22,Female,167.4,42.0,AB-,Other,Relevant_Medical_History,Verified,Pending,H0004,Verified
D00008,Living,61,Male,147.8,58.3,B-,Not_Applicable,Relevant_Medical_History,Verified,Verified,H0001,Verified
D00009,Deceased,64,Female,154.9,68.8,A-,Traumatic_Brain_Injury,Relevant_Medical_History,Verified,Pending,H0004,Verified
D00010,Living,56,Male,155.9,48.1,A-,Not_Applicable,Controlled_Condition,Verified,Pending,H0005,Potential
D00011,Deceased,25,Female,179.7,62.3,B-,Traumatic_Brain_Injury,No_Major_History,Verified,Verified,H0004,Potential
D00012,Deceased,66,Male,165.7,47.9,A-,Traumatic_Brain_Injury,Relevant_Medical_History,Verified,Pending,H0004,Potential
D00013,Deceased,31,Male,159.6,66.3,B-,Stroke,Controlled_Condition,Pending,Pending,H0005,Verified
D00014,Deceased,25,Male,153.5,69.5,A+,Stroke,No_Major_History,Verified,Verified,H0005,Potential
D00015,Deceased,63,Male,159.0,61.5,A+,Traumatic_Brain_Injury,No_Major_History,Verified,Verified,H0001,Potential
D00016,Deceased,49,Male,159.0,87.2,A-,Other,Relevant_Medical_History,Pending,Pending,H0003,Verified
D00017,Deceased,30,Male,164.9,52.3,O+,Stroke,Relevant_Medical_History,Verified,Verified,H0004,Verified
D00018,Deceased,59,Male,173.2,50.3,O-,Other,Controlled_Condition,Pending,Verified,H0001,Potential
D00019,Deceased,46,Male,167.1,41.5,AB-,Other,No_Major_History,Verified,Verified,H0002,Potential
D00020,Living,46,Male,151.7,67.4,O-,Not_Applicable,Relevant_Medical_History,Pending,Verified,H0001,Potential
