match_id,organ_id,donor_id,recipient_id,organ_type,blood_group_compatible,crossmatch_compatible,size_compatible,recipient_active,recipient_consent_verified,hospital_authorized,hospital_ready,medical_eligible,urgency_score,waiting_time_score,distance_km,estimated_travel_minutes,hospital_readiness_score,priority_score
M000001,O00001,D00002,R00010,Lung,False,False,True,True,True,True,True,False,0.75,1.0,621.46,621.5,1.0,0.0
M000002,O00001,D00002,R00011,Lung,True,True,True,True,False,True,False,False,0.5,0.235,1255.39,1255.4,0.5,0.0
M000003,O00001,D00002,R00026,Lung,True,True,True,True,True,True,True,True,0.5,0.462,621.46,621.5,1.0,0.6189
M000004,O00001,D00002,R00027,Lung,False,False,True,True,True,True,False,False,0.5,1.0,0.0,0.0,0.5,0.0
M000005,O00001,D00002,R00037,Lung,True,True,True,False,True,True,False,False,0.75,1.0,515.24,515.2,0.5,0.0
M000006,O00001,D00002,R00039,Lung,False,False,False,True,True,True,False,False,0.5,1.0,1255.39,1255.4,0.5,0.0
M000007,O00001,D00002,R00046,Lung,False,False,True,True,True,True,True,False,0.25,1.0,499.99,500.0,1.0,0.0
M000008,O00001,D00002,R00048,Lung,False,False,True,True,True,True,False,False,0.25,1.0,515.24,515.2,0.5,0.0
M000009,O00001,D00002,R00049,Lung,False,False,True,True,True,True,True,False,0.75,0.241,621.46,621.5,1.0,0.0
M000010,O00002,D00002,R00004,Liver,False,True,True,True,True,True,True,False,1.0,1.0,621.46,621.5,1.0,0.0
M000011,O00002,D00002,R00006,Liver,False,True,True,True,False,True,True,False,0.25,1.0,499.99,500.0,1.0,0.0
M000012,O00002,D00002,R00007,Liver,False,True,True,True,True,True,False,False,0.25,1.0,0.0,0.0,0.5,0.0
M000013,O00002,D00002,R00008,Liver,False,True,True,True,True,True,True,False,0.5,0.377,621.46,621.5,1.0,0.0
M000014,O00002,D00002,R00009,Liver,False,True,True,True,True,True,True,False,1.0,0.13,499.99,500.0,1.0,0.0
M000015,O00002,D00002,R00013,Liver,False,True,True,True,True,True,False,False,0.25,1.0,0.0,0.0,0.5,0.0
M000016,O00002,D00002,R00017,Liver,True,True,True,True,True,True,True,True,0.75,1.0,621.46,621.5,1.0,0.8534
M000017,O00002,D00002,R00018,Liver,False,True,True,True,False,True,True,False,0.25,1.0,621.46,621.5,1.0,0.0
M000018,O00002,D00002,R00019,Liver,False,True,True,True,True,True,True,False,0.75,1.0,621.46,621.5,1.0,0.0
M000019,O00002,D00002,R00021,Liver,True,True,True,True,False,True,False,False,0.25,0.311,0.0,0.0,0.5,0.0
M000020,O00002,D00002,R00022,Liver,False,True,True,True,True,True,True,False,0.5,0.547,499.99,500.0,1.0,0.0
M000021,O00002,D00002,R00024,Liver,False,True,True,False,True,True,True,False,0.5,0.341,621.46,621.5,1.0,0.0
M000022,O00002,D00002,R00028,Liver,False,True,True,True,True,True,True,False,0.5,1.0,621.46,621.5,1.0,0.0
M000023,O00002,D00002,R00029,Liver,False,True,True,True,True,True,True,False,0.25,1.0,621.46,621.5,1.0,0.0
M000024,O00002,D00002,R00030,Liver,False,True,True,True,True,True,False,False,0.5,1.0,515.24,515.2,0.5,0.0
M000025,O00002,D00002,R00038,Liver,False,True,True,False,True,True,False,False,0.5,0.515,515.24,515.2,0.5,0.0
M000026,O00002,D00002,R00040,Liver,False,True,True,True,True,True,True,False,0.5,0.741,499.99,500.0,1.0,0.0
M000027,O00002,D00002,R00041,Liver,False,True,True,True,True,True,False,False,0.25,1.0,515.24,515.2,0.5,0.0
M000028,O00002,D00002,R00042,Liver,False,True,True,True,True,True,False,False,0.75,1.0,1255.39,1255.4,0.5,0.0
M000029,O00002,D00002,R00050,Liver,False,True,True,False,True,True,False,False,0.5,0.678,515.24,515.2,0.5,0.0
M000030,O00003,D00003,R00010,Lung,True,False,False,True,True,True,True,False,0.75,1.0,621.46,621.5,1.0,0.0
M000031,O00003,D00003,R00011,Lung,False,False,True,True,False,True,False,False,0.5,0.235,1255.39,1255.4,0.5,0.0
M000032,O00003,D00003,R00026,Lung,False,False,False,True,True,True,True,False,0.5,0.462,621.46,621.5,1.0,0.0
M000033,O00003,D00003,R00027,Lung,True,True,False,True,True,True,False,False,0.5,1.0,0.0,0.0,0.5,0.0
M000034,O00003,D00003,R00037,Lung,False,False,True,False,True,True,False,False,0.75,1.0,515.24,515.2,0.5,0.0
M000035,O00003,D00003,R00039,Lung,False,False,False,True,True,True,False,False,0.5,1.0,1255.39,1255.4,0.5,0.0
M000036,O00003,D00003,R00046,Lung,False,False,True,True,True,True,True,False,0.25,1.0,499.99,500.0,1.0,0.0
M000037,O00003,D00003,R00048,Lung,False,False,True,True,True,True,False,False,0.25,1.0,515.24,515.2,0.5,0.0
M000038,O00003,D00003,R00049,Lung,True,True,False,True,True,True,True,False,0.75,0.241,621.46,621.5,1.0,0.0
M000039,O00004,D00004,R00010,Lung,True,True,False,True,True,True,True,False,0.75,1.0,1033.1,1033.1,1.0,0.0
M000040,O00004,D00004,R00011,Lung,True,True,False,True,False,True,False,False,0.5,0.235,1755.8,1755.8,0.5,0.0
M000041,O00004,D00004,R00026,Lung,True,True,True,True,True,True,True,True,0.5,0.462,1033.1,1033.1,1.0,0.588
M000042,O00004,D00004,R00027,Lung,False,False,True,True,True,True,False,False,0.5,1.0,515.24,515.2,0.5,0.0
M000043,O00004,D00004,R00037,Lung,True,True,False,False,True,True,False,False,0.75,1.0,0.0,0.0,0.5,0.0
M000044,O00004,D00004,R00039,Lung,True,True,True,True,True,True,False,True,0.5,1.0,1755.8,1755.8,0.5,0.5683
M000045,O00004,D00004,R00046,Lung,False,False,False,True,True,True,True,False,0.25,1.0,290.17,290.2,1.0,0.0
M000046,O00004,D00004,R00048,Lung,False,False,True,True,True,True,False,False,0.25,1.0,0.0,0.0,0.5,0.0
M000047,O00004,D00004,R00049,Lung,False,False,False,True,True,True,True,False,0.75,0.241,1033.1,1033.1,1.0,0.0
M000048,O00005,D00004,R00015,Kidney,False,False,True,True,True,True,True,False,0.5,1.0,290.17,290.2,1.0,0.0
M000049,O00005,D00004,R00016,Kidney,False,False,True,True,False,True,False,False,0.5,1.0,1755.8,1755.8,0.5,0.0
M000050,O00005,D00004,R00023,Kidney,False,False,True,True,False,True,False,False,0.25,0.7,1755.8,1755.8,0.5,0.0
M000051,O00005,D00004,R00025,Kidney,False,False,True,True,True,True,False,False,0.25,1.0,1755.8,1755.8,0.5,0.0
M000052,O00005,D00004,R00031,Kidney,False,False,True,True,True,True,False,False,0.75,1.0,0.0,0.0,0.5,0.0
M000053,O00005,D00004,R00033,Kidney,True,True,True,True,True,True,True,True,0.5,0.818,290.17,290.2,1.0,0.7327
M000054,O00005,D00004,R00044,Kidney,True,True,True,True,True,True,False,True,0.25,1.0,0.0,0.0,0.5,0.6
M000055,O00005,D00004,R00045,Kidney,False,False,True,True,True,True,False,False,0.5,1.0,1755.8,1755.8,0.5,0.0
M000056,O00006,D00004,R00001,Heart,True,False,True,True,True,True,True,False,0.25,1.0,1033.1,1033.1,1.0,0.0
M000057,O00006,D00004,R00002,Heart,True,True,True,True,True,True,False,True,0.25,1.0,0.0,0.0,0.5,0.6
M000058,O00006,D00004,R00003,Heart,False,False,True,True,True,True,False,False,0.75,0.186,1755.8,1755.8,0.5,0.0
M000059,O00006,D00004,R00005,Heart,False,False,True,True,True,True,False,False,0.25,0.54,515.24,515.2,0.5,0.0
M000060,O00006,D00004,R00012,Heart,False,False,False,True,True,True,False,False,0.25,1.0,1755.8,1755.8,0.5,0.0
M000061,O00006,D00004,R00014,Heart,True,True,True,True,True,True,True,True,0.5,1.0,290.17,290.2,1.0,0.7782
M000062,O00006,D00004,R00020,Heart,True,False,True,True,False,True,True,False,0.5,1.0,1033.1,1033.1,1.0,0.0
M000063,O00006,D00004,R00032,Heart,False,False,True,True,True,True,False,False,0.25,1.0,1755.8,1755.8,0.5,0.0
M000064,O00006,D00004,R00034,Heart,False,False,True,True,True,True,False,False,0.25,0.441,1755.8,1755.8,0.5,0.0
M000065,O00006,D00004,R00035,Heart,True,True,True,True,True,True,True,True,0.25,0.216,290.17,290.2,1.0,0.4822
M000066,O00006,D00004,R00036,Heart,True,True,True,False,True,True,False,False,0.5,1.0,0.0,0.0,0.5,0.0
M000067,O00006,D00004,R00043,Heart,False,False,False,True,True,True,False,False,0.75,1.0,515.24,515.2,0.5,0.0
M000068,O00006,D00004,R00047,Heart,True,True,True,True,True,True,True,True,0.25,1.0,290.17,290.2,1.0,0.6782
M000069,O00007,D00004,R00004,Liver,True,True,True,True,True,True,True,True,1.0,1.0,1033.1,1033.1,1.0,0.9225
M000070,O00007,D00004,R00006,Liver,False,True,True,True,False,True,True,False,0.25,1.0,290.17,290.2,1.0,0.0
M000071,O00007,D00004,R00007,Liver,False,True,True,True,True,True,False,False,0.25,1.0,515.24,515.2,0.5,0.0
M000072,O00007,D00004,R00008,Liver,True,True,True,True,True,True,True,True,0.5,0.377,1033.1,1033.1,1.0,0.5668
M000073,O00007,D00004,R00009,Liver,False,True,True,True,True,True,True,False,1.0,0.13,290.17,290.2,1.0,0.0
M000074,O00007,D00004,R00013,Liver,True,True,True,True,True,True,False,True,0.25,1.0,515.24,515.2,0.5,0.5614
M000075,O00007,D00004,R00017,Liver,True,True,True,True,True,True,True,True,0.75,1.0,1033.1,1033.1,1.0,0.8225
M000076,O00007,D00004,R00018,Liver,False,True,True,True,False,True,True,False,0.25,1.0,1033.1,1033.1,1.0,0.0
M000077,O00007,D00004,R00019,Liver,False,True,True,True,True,True,True,False,0.75,1.0,1033.1,1033.1,1.0,0.0
M000078,O00007,D00004,R00021,Liver,True,True,True,True,False,True,False,False,0.25,0.311,515.24,515.2,0.5,0.0
M000079,O00007,D00004,R00022,Liver,False,True,True,True,True,True,True,False,0.5,0.547,290.17,290.2,1.0,0.0
M000080,O00007,D00004,R00024,Liver,True,True,True,False,True,True,True,False,0.5,0.341,1033.1,1033.1,1.0,0.0
M000081,O00007,D00004,R00028,Liver,False,True,True,True,True,True,True,False,0.5,1.0,1033.1,1033.1,1.0,0.0
M000082,O00007,D00004,R00029,Liver,False,True,True,True,True,True,True,False,0.25,1.0,1033.1,1033.1,1.0,0.0
M000083,O00007,D00004,R00030,Liver,False,True,True,True,True,True,False,False,0.5,1.0,0.0,0.0,0.5,0.0
M000084,O00007,D00004,R00038,Liver,False,True,True,False,True,True,False,False,0.5,0.515,0.0,0.0,0.5,0.0
M000085,O00007,D00004,R00040,Liver,False,True,True,True,True,True,True,False,0.5,0.741,290.17,290.2,1.0,0.0
M000086,O00007,D00004,R00041,Liver,True,True,True,True,True,True,False,True,0.25,1.0,0.0,0.0,0.5,0.6
M000087,O00007,D00004,R00042,Liver,False,True,True,True,True,True,False,False,0.75,1.0,1755.8,1755.8,0.5,0.0
M000088,O00007,D00004,R00050,Liver,True,True,True,False,True,True,False,False,0.5,0.678,0.0,0.0,0.5,0.0
M000089,O00008,D00005,R00015,Kidney,True,True,True,True,True,True,True,True,0.5,1.0,0.0,0.0,1.0,0.8
M000090,O00008,D00005,R00016,Kidney,True,True,True,True,False,True,False,False,0.5,1.0,1739.8,1739.8,0.5,0.0
M000091,O00008,D00005,R00023,Kidney,True,False,True,True,False,True,False,False,0.25,0.7,1739.8,1739.8,0.5,0.0
M000092,O00008,D00005,R00025,Kidney,False,False,True,True,True,True,False,False,0.25,1.0,1739.8,1739.8,0.5,0.0
M000093,O00008,D00005,R00031,Kidney,True,True,True,True,True,True,False,True,0.75,1.0,290.17,290.2,0.5,0.7782
M000094,O00008,D00005,R00033,Kidney,False,False,True,True,True,True,True,False,0.5,0.818,0.0,0.0,1.0,0.0
M000095,O00008,D00005,R00044,Kidney,True,True,True,True,True,True,False,True,0.25,1.0,290.17,290.2,0.5,0.5782
M000096,O00008,D00005,R00045,Kidney,False,False,True,True,True,True,False,False,0.5,1.0,1739.8,1739.8,0.5,0.0
M000097,O00009,D00007,R00015,Kidney,True,True,True,True,True,True,True,True,0.5,1.0,845.32,845.3,1.0,0.7366
M000098,O00009,D00007,R00016,Kidney,True,False,True,True,False,True,False,False,0.5,1.0,1148.09,1148.1,0.5,0.0
M000099,O00009,D00007,R00023,Kidney,True,False,True,True,False,True,False,False,0.25,0.7,1148.09,1148.1,0.5,0.0
M000100,O00009,D00007,R00025,Kidney,False,False,True,True,True,True,False,False,0.25,1.0,1148.09,1148.1,0.5,0.0
M000101,O00009,D00007,R00031,Kidney,True,True,True,True,True,True,False,True,0.75,1.0,1033.1,1033.1,0.5,0.7225
M000102,O00009,D00007,R00033,Kidney,False,False,True,True,True,True,True,False,0.5,0.818,845.32,845.3,1.0,0.0
M000103,O00009,D00007,R00044,Kidney,True,True,True,True,True,True,False,True,0.25,1.0,1033.1,1033.1,0.5,0.5225
M000104,O00009,D00007,R00045,Kidney,False,False,True,True,True,True,False,False,0.5,1.0,1148.09,1148.1,0.5,0.0
M000105,O00010,D00007,R00001,Heart,True,True,True,True,True,True,True,True,0.25,1.0,0.0,0.0,1.0,0.7
M000106,O00010,D00007,R00002,Heart,True,False,True,True,True,True,False,False,0.25,1.0,1033.1,1033.1,0.5,0.0
M000107,O00010,D00007,R00003,Heart,False,False,True,True,True,True,False,False,0.75,0.186,1148.09,1148.1,0.5,0.0
M000108,O00010,D00007,R00005,Heart,True,False,False,True,True,True,False,False,0.25,0.54,621.46,621.5,0.5,0.0
M000109,O00010,D00007,R00012,Heart,False,False,False,True,True,True,False,False,0.25,1.0,1148.09,1148.1,0.5,0.0
M000110,O00010,D00007,R00014,Heart,True,True,True,True,True,True,True,True,0.5,1.0,845.32,845.3,1.0,0.7366
M000111,O00010,D00007,R00020,Heart,True,True,True,True,False,True,True,False,0.5,1.0,0.0,0.0,1.0,0.0
M000112,O00010,D00007,R00032,Heart,False,False,True,True,True,True,False,False,0.25,1.0,1148.09,1148.1,0.5,0.0
M000113,O00010,D00007,R00034,Heart,False,False,False,True,True,True,False,False,0.25,0.441,1148.09,1148.1,0.5,0.0
M000114,O00010,D00007,R00035,Heart,True,True,False,True,True,True,True,False,0.25,0.216,845.32,845.3,1.0,0.0
M000115,O00010,D00007,R00036,Heart,True,False,True,False,True,True,False,False,0.5,1.0,1033.1,1033.1,0.5,0.0
M000116,O00010,D00007,R00043,Heart,True,True,False,True,True,True,False,False,0.75,1.0,621.46,621.5,0.5,0.0
M000117,O00010,D00007,R00047,Heart,True,True,True,True,True,True,True,True,0.25,1.0,845.32,845.3,1.0,0.6366
M000118,O00011,D00009,R00010,Lung,False,False,True,True,True,True,True,False,0.75,1.0,0.0,0.0,1.0,0.0
M000119,O00011,D00009,R00011,Lung,True,True,True,True,False,True,False,False,0.5,0.235,1148.09,1148.1,0.5,0.0
M000120,O00011,D00009,R00026,Lung,True,False,False,True,True,True,True,False,0.5,0.462,0.0,0.0,1.0,0.0
M000121,O00011,D00009,R00027,Lung,False,False,False,True,True,True,False,False,0.5,1.0,621.46,621.5,0.5,0.0
M000122,O00011,D00009,R00037,Lung,True,True,True,False,True,True,False,False,0.75,1.0,1033.1,1033.1,0.5,0.0
M000123,O00011,D00009,R00039,Lung,False,False,True,True,True,True,False,False,0.5,1.0,1148.09,1148.1,0.5,0.0
M000124,O00011,D00009,R00046,Lung,False,False,False,True,True,True,True,False,0.25,1.0,845.32,845.3,1.0,0.0
M000125,O00011,D00009,R00048,Lung,False,False,False,True,True,True,False,False,0.25,1.0,1033.1,1033.1,0.5,0.0
M000126,O00011,D00009,R00049,Lung,False,False,True,True,True,True,True,False,0.75,0.241,0.0,0.0,1.0,0.0
M000127,O00012,D00009,R00015,Kidney,False,False,True,True,True,True,True,False,0.5,1.0,845.32,845.3,1.0,0.0
M000128,O00012,D00009,R00016,Kidney,False,False,True,True,False,True,False,False,0.5,1.0,1148.09,1148.1,0.5,0.0
M000129,O00012,D00009,R00023,Kidney,False,False,True,True,False,True,False,False,0.25,0.7,1148.09,1148.1,0.5,0.0
M000130,O00012,D00009,R00025,Kidney,False,False,True,True,True,True,False,False,0.25,1.0,1148.09,1148.1,0.5,0.0
M000131,O00012,D00009,R00031,Kidney,False,False,True,True,True,True,False,False,0.75,1.0,1033.1,1033.1,0.5,0.0
M000132,O00012,D00009,R00033,Kidney,False,False,True,True,True,True,True,False,0.5,0.818,845.32,845.3,1.0,0.0
M000133,O00012,D00009,R00044,Kidney,True,True,True,True,True,True,False,True,0.25,1.0,1033.1,1033.1,0.5,0.5225
M000134,O00012,D00009,R00045,Kidney,False,False,True,True,True,True,False,False,0.5,1.0,1148.09,1148.1,0.5,0.0
M000135,O00013,D00009,R00004,Liver,False,True,True,True,True,True,True,False,1.0,1.0,0.0,0.0,1.0,0.0
M000136,O00013,D00009,R00006,Liver,False,True,True,True,False,True,True,False,0.25,1.0,845.32,845.3,1.0,0.0
M000137,O00013,D00009,R00007,Liver,False,True,True,True,True,True,False,False,0.25,1.0,621.46,621.5,0.5,0.0
M000138,O00013,D00009,R00008,Liver,False,True,True,True,True,True,True,False,0.5,0.377,0.0,0.0,1.0,0.0
M000139,O00013,D00009,R00009,Liver,False,True,True,True,True,True,True,False,1.0,0.13,845.32,845.3,1.0,0.0
M000140,O00013,D00009,R00013,Liver,False,True,True,True,True,True,False,False,0.25,1.0,621.46,621.5,0.5,0.0
M000141,O00013,D00009,R00017,Liver,True,True,True,True,True,True,True,True,0.75,1.0,0.0,0.0,1.0,0.9
M000142,O00013,D00009,R00018,Liver,False,True,True,True,False,True,True,False,0.25,1.0,0.0,0.0,1.0,0.0
M000143,O00013,D00009,R00019,Liver,False,True,True,True,True,True,True,False,0.75,1.0,0.0,0.0,1.0,0.0
M000144,O00013,D00009,R00021,Liver,True,True,True,True,False,True,False,False,0.25,0.311,621.46,621.5,0.5,0.0
M000145,O00013,D00009,R00022,Liver,False,True,True,True,True,True,True,False,0.5,0.547,845.32,845.3,1.0,0.0
M000146,O00013,D00009,R00024,Liver,False,True,True,False,True,True,True,False,0.5,0.341,0.0,0.0,1.0,0.0
M000147,O00013,D00009,R00028,Liver,False,True,True,True,True,True,True,False,0.5,1.0,0.0,0.0,1.0,0.0
M000148,O00013,D00009,R00029,Liver,False,True,True,True,True,True,True,False,0.25,1.0,0.0,0.0,1.0,0.0
M000149,O00013,D00009,R00030,Liver,False,True,True,True,True,True,False,False,0.5,1.0,1033.1,1033.1,0.5,0.0
M000150,O00013,D00009,R00038,Liver,False,True,True,False,True,True,False,False,0.5,0.515,1033.1,1033.1,0.5,0.0
M000151,O00013,D00009,R00040,Liver,False,True,True,True,True,True,True,False,0.5,0.741,845.32,845.3,1.0,0.0
M000152,O00013,D00009,R00041,Liver,False,True,True,True,True,True,False,False,0.25,1.0,1033.1,1033.1,0.5,0.0
M000153,O00013,D00009,R00042,Liver,False,True,True,True,True,True,False,False,0.75,1.0,1148.09,1148.1,0.5,0.0
M000154,O00013,D00009,R00050,Liver,False,True,True,False,True,True,False,False,0.5,0.678,1033.1,1033.1,0.5,0.0
M000155,O00014,D00011,R00015,Kidney,False,False,True,True,True,True,True,False,0.5,1.0,845.32,845.3,1.0,0.0
M000156,O00014,D00011,R00016,Kidney,True,True,True,True,False,True,False,False,0.5,1.0,1148.09,1148.1,0.5,0.0
M000157,O00014,D00011,R00023,Kidney,True,True,True,True,False,True,False,False,0.25,0.7,1148.09,1148.1,0.5,0.0
M000158,O00014,D00011,R00025,Kidney,False,False,True,True,True,True,False,False,0.25,1.0,1148.09,1148.1,0.5,0.0
M000159,O00014,D00011,R00031,Kidney,True,True,True,True,True,True,False,True,0.75,1.0,1033.1,1033.1,0.5,0.7225
M000160,O00014,D00011,R00033,Kidney,False,False,True,True,True,True,True,False,0.5,0.818,845.32,845.3,1.0,0.0
M000161,O00014,D00011,R00044,Kidney,True,True,True,True,True,True,False,True,0.25,1.0,1033.1,1033.1,0.5,0.5225
M000162,O00014,D00011,R00045,Kidney,False,False,True,True,True,True,False,False,0.5,1.0,1148.09,1148.1,0.5,0.0
M000163,O00015,D00011,R00010,Lung,False,False,True,True,True,True,True,False,0.75,1.0,0.0,0.0,1.0,0.0
M000164,O00015,D00011,R00011,Lung,False,False,True,True,False,True,False,False,0.5,0.235,1148.09,1148.1,0.5,0.0
M000165,O00015,D00011,R00026,Lung,False,False,False,True,True,True,True,False,0.5,0.462,0.0,0.0,1.0,0.0
M000166,O00015,D00011,R00027,Lung,False,False,True,True,True,True,False,False,0.5,1.0,621.46,621.5,0.5,0.0
M000167,O00015,D00011,R00037,Lung,False,False,True,False,True,True,False,False,0.75,1.0,1033.1,1033.1,0.5,0.0
M000168,O00015,D00011,R00039,Lung,False,False,False,True,True,True,False,False,0.5,1.0,1148.09,1148.1,0.5,0.0
M000169,O00015,D00011,R00046,Lung,False,False,True,True,True,True,True,False,0.25,1.0,845.32,845.3,1.0,0.0
M000170,O00015,D00011,R00048,Lung,False,False,True,True,True,True,False,False,0.25,1.0,1033.1,1033.1,0.5,0.0
M000171,O00015,D00011,R00049,Lung,True,True,False,True,True,True,True,False,0.75,0.241,0.0,0.0,1.0,0.0
M000172,O00016,D00011,R00004,Liver,False,True,True,True,True,True,True,False,1.0,1.0,0.0,0.0,1.0,0.0
M000173,O00016,D00011,R00006,Liver,True,True,True,True,False,True,True,False,0.25,1.0,845.32,845.3,1.0,0.0
M000174,O00016,D00011,R00007,Liver,False,True,True,True,True,True,False,False,0.25,1.0,621.46,621.5,0.5,0.0
M000175,O00016,D00011,R00008,Liver,False,True,True,True,True,True,True,False,0.5,0.377,0.0,0.0,1.0,0.0
M000176,O00016,D00011,R00009,Liver,False,True,True,True,True,True,True,False,1.0,0.13,845.32,845.3,1.0,0.0
M000177,O00016,D00011,R00013,Liver,False,True,True,True,True,True,False,False,0.25,1.0,621.46,621.5,0.5,0.0
M000178,O00016,D00011,R00017,Liver,True,True,True,True,True,True,True,True,0.75,1.0,0.0,0.0,1.0,0.9
M000179,O00016,D00011,R00018,Liver,False,True,True,True,False,True,True,False,0.25,1.0,0.0,0.0,1.0,0.0
M000180,O00016,D00011,R00019,Liver,False,True,True,True,True,True,True,False,0.75,1.0,0.0,0.0,1.0,0.0
M000181,O00016,D00011,R00021,Liver,True,True,True,True,False,True,False,False,0.25,0.311,621.46,621.5,0.5,0.0
M000182,O00016,D00011,R00022,Liver,False,True,True,True,True,True,True,False,0.5,0.547,845.32,845.3,1.0,0.0
M000183,O00016,D00011,R00024,Liver,False,True,True,False,True,True,True,False,0.5,0.341,0.0,0.0,1.0,0.0
M000184,O00016,D00011,R00028,Liver,False,True,True,True,True,True,True,False,0.5,1.0,0.0,0.0,1.0,0.0
M000185,O00016,D00011,R00029,Liver,True,True,True,True,True,True,True,True,0.25,1.0,0.0,0.0,1.0,0.7
M000186,O00016,D00011,R00030,Liver,False,True,True,True,True,True,False,False,0.5,1.0,1033.1,1033.1,0.5,0.0
M000187,O00016,D00011,R00038,Liver,False,True,True,False,True,True,False,False,0.5,0.515,1033.1,1033.1,0.5,0.0
M000188,O00016,D00011,R00040,Liver,False,True,True,True,True,True,True,False,0.5,0.741,845.32,845.3,1.0,0.0
M000189,O00016,D00011,R00041,Liver,False,True,True,True,True,True,False,False,0.25,1.0,1033.1,1033.1,0.5,0.0
M000190,O00016,D00011,R00042,Liver,True,True,True,True,True,True,False,True,0.75,1.0,1148.09,1148.1,0.5,0.7139
M000191,O00016,D00011,R00050,Liver,False,True,True,False,True,True,False,False,0.5,0.678,1033.1,1033.1,0.5,0.0
M000192,O00017,D00012,R00001,Heart,True,True,True,True,True,True,True,True,0.25,1.0,0.0,0.0,1.0,0.7
M000193,O00017,D00012,R00002,Heart,True,True,True,True,True,True,False,True,0.25,1.0,1033.1,1033.1,0.5,0.5225
M000194,O00017,D00012,R00003,Heart,False,False,True,True,True,True,False,False,0.75,0.186,1148.09,1148.1,0.5,0.0
M000195,O00017,D00012,R00005,Heart,False,False,True,True,True,True,False,False,0.25,0.54,621.46,621.5,0.5,0.0
M000196,O00017,D00012,R00012,Heart,False,False,True,True,True,True,False,False,0.25,1.0,1148.09,1148.1,0.5,0.0
M000197,O00017,D00012,R00014,Heart,True,False,True,True,True,True,True,False,0.5,1.0,845.32,845.3,1.0,0.0
M000198,O00017,D00012,R00020,Heart,True,False,True,True,False,True,True,False,0.5,1.0,0.0,0.0,1.0,0.0
M000199,O00017,D00012,R00032,Heart,False,False,True,True,True,True,False,False,0.25,1.0,1148.09,1148.1,0.5,0.0
M000200,O00017,D00012,R00034,Heart,False,False,True,True,True,True,False,False,0.25,0.441,1148.09,1148.1,0.5,0.0
M000201,O00017,D00012,R00035,Heart,True,True,True,True,True,True,True,True,0.25,0.216,845.32,845.3,1.0,0.4406
M000202,O00017,D00012,R00036,Heart,True,True,True,False,True,True,False,False,0.5,1.0,1033.1,1033.1,0.5,0.0
M000203,O00017,D00012,R00043,Heart,False,False,True,True,True,True,False,False,0.75,1.0,621.46,621.5,0.5,0.0
M000204,O00017,D00012,R00047,Heart,True,True,True,True,True,True,True,True,0.25,1.0,845.32,845.3,1.0,0.6366
M000205,O00018,D00012,R00015,Kidney,False,False,True,True,True,True,True,False,0.5,1.0,845.32,845.3,1.0,0.0
M000206,O00018,D00012,R00016,Kidney,False,False,True,True,False,True,False,False,0.5,1.0,1148.09,1148.1,0.5,0.0
M000207,O00018,D00012,R00023,Kidney,False,False,True,True,False,True,False,False,0.25,0.7,1148.09,1148.1,0.5,0.0
M000208,O00018,D00012,R00025,Kidney,False,False,True,True,True,True,False,False,0.25,1.0,1148.09,1148.1,0.5,0.0
M000209,O00018,D00012,R00031,Kidney,False,False,True,True,True,True,False,False,0.75,1.0,1033.1,1033.1,0.5,0.0
M000210,O00018,D00012,R00033,Kidney,False,False,True,True,True,True,True,False,0.5,0.818,845.32,845.3,1.0,0.0
M000211,O00018,D00012,R00044,Kidney,True,True,True,True,True,True,False,True,0.25,1.0,1033.1,1033.1,0.5,0.5225
M000212,O00018,D00012,R00045,Kidney,False,False,True,True,True,True,False,False,0.5,1.0,1148.09,1148.1,0.5,0.0
M000213,O00019,D00013,R00001,Heart,True,False,True,True,True,True,True,False,0.25,1.0,1148.09,1148.1,1.0,0.0
M000214,O00019,D00013,R00002,Heart,True,False,False,True,True,True,False,False,0.25,1.0,1755.8,1755.8,0.5,0.0
M000215,O00019,D00013,R00003,Heart,False,False,True,True,True,True,False,False,0.75,0.186,0.0,0.0,0.5,0.0
M000216,O00019,D00013,R00005,Heart,False,False,False,True,True,True,False,False,0.25,0.54,1255.39,1255.4,0.5,0.0
M000217,O00019,D00013,R00012,Heart,False,False,True,True,True,True,False,False,0.25,1.0,0.0,0.0,0.5,0.0
M000218,O00019,D00013,R00014,Heart,False,False,False,True,True,True,True,False,0.5,1.0,1739.8,1739.8,1.0,0.0
M000219,O00019,D00013,R00020,Heart,True,True,True,True,False,True,True,False,0.5,1.0,1148.09,1148.1,1.0,0.0
M000220,O00019,D00013,R00032,Heart,False,False,True,True,True,True,False,False,0.25,1.0,0.0,0.0,0.5,0.0
M000221,O00019,D00013,R00034,Heart,False,False,False,True,True,True,False,False,0.25,0.441,0.0,0.0,0.5,0.0
M000222,O00019,D00013,R00035,Heart,False,False,True,True,True,True,True,False,0.25,0.216,1739.8,1739.8,1.0,0.0
M000223,O00019,D00013,R00036,Heart,True,False,False,False,True,True,False,False,0.5,1.0,1755.8,1755.8,0.5,0.0
M000224,O00019,D00013,R00043,Heart,False,False,False,True,True,True,False,False,0.75,1.0,1255.39,1255.4,0.5,0.0
M000225,O00019,D00013,R00047,Heart,True,False,False,True,True,True,True,False,0.25,1.0,1739.8,1739.8,1.0,0.0
M000226,O00020,D00013,R00010,Lung,False,False,False,True,True,True,True,False,0.75,1.0,1148.09,1148.1,1.0,0.0
M000227,O00020,D00013,R00011,Lung,False,False,True,True,False,True,False,False,0.5,0.235,0.0,0.0,0.5,0.0
M000228,O00020,D00013,R00026,Lung,False,False,False,True,True,True,True,False,0.5,0.462,1148.09,1148.1,1.0,0.0
M000229,O00020,D00013,R00027,Lung,False,False,True,True,True,True,False,False,0.5,1.0,1255.39,1255.4,0.5,0.0
M000230,O00020,D00013,R00037,Lung,False,False,True,False,True,True,False,False,0.75,1.0,1755.8,1755.8,0.5,0.0
M000231,O00020,D00013,R00039,Lung,False,False,True,True,True,True,False,False,0.5,1.0,0.0,0.0,0.5,0.0
M000232,O00020,D00013,R00046,Lung,False,False,False,True,True,True,True,False,0.25,1.0,1739.8,1739.8,1.0,0.0
M000233,O00020,D00013,R00048,Lung,False,False,False,True,True,True,False,False,0.25,1.0,1755.8,1755.8,0.5,0.0
M000234,O00020,D00013,R00049,Lung,True,True,False,True,True,True,True,False,0.75,0.241,1148.09,1148.1,1.0,0.0
M000235,O00021,D00014,R00015,Kidney,False,False,True,True,True,True,True,False,0.5,1.0,1739.8,1739.8,1.0,0.0
M000236,O00021,D00014,R00016,Kidney,False,False,True,True,False,True,False,False,0.5,1.0,0.0,0.0,0.5,0.0
M000237,O00021,D00014,R00023,Kidney,False,False,True,True,False,True,False,False,0.25,0.7,0.0,0.0,0.5,0.0
M000238,O00021,D00014,R00025,Kidney,False,False,True,True,True,True,False,False,0.25,1.0,0.0,0.0,0.5,0.0
M000239,O00021,D00014,R00031,Kidney,False,False,True,True,True,True,False,False,0.75,1.0,1755.8,1755.8,0.5,0.0
M000240,O00021,D00014,R00033,Kidney,True,False,True,True,True,True,True,False,0.5,0.818,1739.8,1739.8,1.0,0.0
M000241,O00021,D00014,R00044,Kidney,True,True,True,True,True,True,False,True,0.25,1.0,1755.8,1755.8,0.5,0.4683
M000242,O00021,D00014,R00045,Kidney,False,False,True,True,True,True,False,False,0.5,1.0,0.0,0.0,0.5,0.0
M000243,O00022,D00015,R00010,Lung,True,True,True,True,True,True,True,True,0.75,1.0,1033.1,1033.1,1.0,0.8225
M000244,O00022,D00015,R00011,Lung,True,False,True,True,False,True,False,False,0.5,0.235,1755.8,1755.8,0.5,0.0
M000245,O00022,D00015,R00026,Lung,True,False,True,True,True,True,True,False,0.5,0.462,1033.1,1033.1,1.0,0.0
M000246,O00022,D00015,R00027,Lung,False,False,True,True,True,True,False,False,0.5,1.0,515.24,515.2,0.5,0.0
M000247,O00022,D00015,R00037,Lung,True,False,False,False,True,True,False,False,0.75,1.0,0.0,0.0,0.5,0.0
M000248,O00022,D00015,R00039,Lung,True,True,True,True,True,True,False,True,0.5,1.0,1755.8,1755.8,0.5,0.5683
M000249,O00022,D00015,R00046,Lung,False,False,True,True,True,True,True,False,0.25,1.0,290.17,290.2,1.0,0.0
M000250,O00022,D00015,R00048,Lung,False,False,False,True,True,True,False,False,0.25,1.0,0.0,0.0,0.5,0.0
M000251,O00022,D00015,R00049,Lung,False,False,True,True,True,True,True,False,0.75,0.241,1033.1,1033.1,1.0,0.0
M000252,O00023,D00015,R00001,Heart,True,True,True,True,True,True,True,True,0.25,1.0,1033.1,1033.1,1.0,0.6225
M000253,O00023,D00015,R00002,Heart,True,False,True,True,True,True,False,False,0.25,1.0,0.0,0.0,0.5,0.0
M000254,O00023,D00015,R00003,Heart,False,False,True,True,True,True,False,False,0.75,0.186,1755.8,1755.8,0.5,0.0
M000255,O00023,D00015,R00005,Heart,False,False,False,True,True,True,False,False,0.25,0.54,515.24,515.2,0.5,0.0
M000256,O00023,D00015,R00012,Heart,False,False,False,True,True,True,False,False,0.25,1.0,1755.8,1755.8,0.5,0.0
M000257,O00023,D00015,R00014,Heart,True,False,True,True,True,True,True,False,0.5,1.0,290.17,290.2,1.0,0.0
M000258,O00023,D00015,R00020,Heart,True,True,True,True,False,True,True,False,0.5,1.0,1033.1,1033.1,1.0,0.0
M000259,O00023,D00015,R00032,Heart,False,False,True,True,True,True,False,False,0.25,1.0,1755.8,1755.8,0.5,0.0
M000260,O00023,D00015,R00034,Heart,False,False,True,True,True,True,False,False,0.25,0.441,1755.8,1755.8,0.5,0.0
M000261,O00023,D00015,R00035,Heart,True,True,True,True,True,True,True,True,0.25,0.216,290.17,290.2,1.0,0.4822
M000262,O00023,D00015,R00036,Heart,True,False,True,False,True,True,False,False,0.5,1.0,0.0,0.0,0.5,0.0
M000263,O00023,D00015,R00043,Heart,False,False,True,True,True,True,False,False,0.75,1.0,515.24,515.2,0.5,0.0
M000264,O00023,D00015,R00047,Heart,True,True,False,True,True,True,True,False,0.25,1.0,290.17,290.2,1.0,0.0
M000265,O00024,D00016,R00001,Heart,True,False,True,True,True,True,True,False,0.25,1.0,621.46,621.5,1.0,0.0
M000266,O00024,D00016,R00002,Heart,True,True,True,True,True,True,False,True,0.25,1.0,515.24,515.2,0.5,0.5614
M000267,O00024,D00016,R00003,Heart,False,False,False,True,True,True,False,False,0.75,0.186,1255.39,1255.4,0.5,0.0
M000268,O00024,D00016,R00005,Heart,False,False,True,True,True,True,False,False,0.25,0.54,0.0,0.0,0.5,0.0
M000269,O00024,D00016,R00012,Heart,False,False,True,True,True,True,False,False,0.25,1.0,1255.39,1255.4,0.5,0.0
M000270,O00024,D00016,R00014,Heart,True,True,True,True,True,True,True,True,0.5,1.0,499.99,500.0,1.0,0.7625
M000271,O00024,D00016,R00020,Heart,True,False,True,True,False,True,True,False,0.5,1.0,621.46,621.5,1.0,0.0
M000272,O00024,D00016,R00032,Heart,False,False,False,True,True,True,False,False,0.25,1.0,1255.39,1255.4,0.5,0.0
M000273,O00024,D00016,R00034,Heart,False,False,True,True,True,True,False,False,0.25,0.441,1255.39,1255.4,0.5,0.0
M000274,O00024,D00016,R00035,Heart,True,True,True,True,True,True,True,True,0.25,0.216,499.99,500.0,1.0,0.4665
M000275,O00024,D00016,R00036,Heart,True,True,True,False,True,True,False,False,0.5,1.0,515.24,515.2,0.5,0.0
M000276,O00024,D00016,R00043,Heart,False,False,True,True,True,True,False,False,0.75,1.0,0.0,0.0,0.5,0.0
M000277,O00024,D00016,R00047,Heart,True,True,True,True,True,True,True,True,0.25,1.0,499.99,500.0,1.0,0.6625
M000278,O00025,D00017,R00015,Kidney,False,False,True,True,True,True,True,False,0.5,1.0,845.32,845.3,1.0,0.0
M000279,O00025,D00017,R00016,Kidney,False,False,True,True,False,True,False,False,0.5,1.0,1148.09,1148.1,0.5,0.0
M000280,O00025,D00017,R00023,Kidney,False,False,True,True,False,True,False,False,0.25,0.7,1148.09,1148.1,0.5,0.0
M000281,O00025,D00017,R00025,Kidney,False,False,True,True,True,True,False,False,0.25,1.0,1148.09,1148.1,0.5,0.0
M000282,O00025,D00017,R00031,Kidney,False,False,True,True,True,True,False,False,0.75,1.0,1033.1,1033.1,0.5,0.0
M000283,O00025,D00017,R00033,Kidney,False,False,True,True,True,True,True,False,0.5,0.818,845.32,845.3,1.0,0.0
M000284,O00025,D00017,R00044,Kidney,True,True,True,True,True,True,False,True,0.25,1.0,1033.1,1033.1,0.5,0.5225
M000285,O00025,D00017,R00045,Kidney,False,False,True,True,True,True,False,False,0.5,1.0,1148.09,1148.1,0.5,0.0
M000286,O00026,D00017,R00004,Liver,False,True,True,True,True,True,True,False,1.0,1.0,0.0,0.0,1.0,0.0
M000287,O00026,D00017,R00006,Liver,False,True,True,True,False,True,True,False,0.25,1.0,845.32,845.3,1.0,0.0
M000288,O00026,D00017,R00007,Liver,False,True,True,True,True,True,False,False,0.25,1.0,621.46,621.5,0.5,0.0
M000289,O00026,D00017,R00008,Liver,True,True,True,True,True,True,True,True,0.5,0.377,0.0,0.0,1.0,0.6442
M000290,O00026,D00017,R00009,Liver,False,True,True,True,True,True,True,False,1.0,0.13,845.32,845.3,1.0,0.0
M000291,O00026,D00017,R00013,Liver,False,True,True,True,True,True,False,False,0.25,1.0,621.46,621.5,0.5,0.0
M000292,O00026,D00017,R00017,Liver,True,True,True,True,True,True,True,True,0.75,1.0,0.0,0.0,1.0,0.9
M000293,O00026,D00017,R00018,Liver,False,True,True,True,False,True,True,False,0.25,1.0,0.0,0.0,1.0,0.0
M000294,O00026,D00017,R00019,Liver,False,True,True,True,True,True,True,False,0.75,1.0,0.0,0.0,1.0,0.0
M000295,O00026,D00017,R00021,Liver,True,True,True,True,False,True,False,False,0.25,0.311,621.46,621.5,0.5,0.0
M000296,O00026,D00017,R00022,Liver,False,True,True,True,True,True,True,False,0.5,0.547,845.32,845.3,1.0,0.0
M000297,O00026,D00017,R00024,Liver,True,True,True,False,True,True,True,False,0.5,0.341,0.0,0.0,1.0,0.0
M000298,O00026,D00017,R00028,Liver,False,True,True,True,True,True,True,False,0.5,1.0,0.0,0.0,1.0,0.0
M000299,O00026,D00017,R00029,Liver,False,True,True,True,True,True,True,False,0.25,1.0,0.0,0.0,1.0,0.0
M000300,O00026,D00017,R00030,Liver,False,True,True,True,True,True,False,False,0.5,1.0,1033.1,1033.1,0.5,0.0
M000301,O00026,D00017,R00038,Liver,False,True,True,False,True,True,False,False,0.5,0.515,1033.1,1033.1,0.5,0.0
M000302,O00026,D00017,R00040,Liver,False,True,True,True,True,True,True,False,0.5,0.741,845.32,845.3,1.0,0.0
M000303,O00026,D00017,R00041,Liver,True,True,True,True,True,True,False,True,0.25,1.0,1033.1,1033.1,0.5,0.5225
M000304,O00026,D00017,R00042,Liver,False,True,True,True,True,True,False,False,0.75,1.0,1148.09,1148.1,0.5,0.0
M000305,O00026,D00017,R00050,Liver,True,True,True,False,True,True,False,False,0.5,0.678,1033.1,1033.1,0.5,0.0
M000306,O00027,D00018,R00010,Lung,False,False,False,True,True,True,True,False,0.75,1.0,1033.1,1033.1,1.0,0.0
M000307,O00027,D00018,R00011,Lung,False,False,True,True,False,True,False,False,0.5,0.235,1755.8,1755.8,0.5,0.0
M000308,O00027,D00018,R00026,Lung,False,False,False,True,True,True,True,False,0.5,0.462,1033.1,1033.1,1.0,0.0
M000309,O00027,D00018,R00027,Lung,False,False,False,True,True,True,False,False,0.5,1.0,515.24,515.2,0.5,0.0
M000310,O00027,D00018,R00037,Lung,False,False,True,False,True,True,False,False,0.75,1.0,0.0,0.0,0.5,0.0
M000311,O00027,D00018,R00039,Lung,False,False,False,True,True,True,False,False,0.5,1.0,1755.8,1755.8,0.5,0.0
M000312,O00027,D00018,R00046,Lung,False,False,True,True,True,True,True,False,0.25,1.0,290.17,290.2,1.0,0.0
M000313,O00027,D00018,R00048,Lung,False,False,False,True,True,True,False,False,0.25,1.0,0.0,0.0,0.5,0.0
M000314,O00027,D00018,R00049,Lung,False,False,False,True,True,True,True,False,0.75,0.241,1033.1,1033.1,1.0,0.0
M000315,O00028,D00018,R00001,Heart,True,True,True,True,True,True,True,True,0.25,1.0,1033.1,1033.1,1.0,0.6225
M000316,O00028,D00018,R00002,Heart,True,True,False,True,True,True,False,False,0.25,1.0,0.0,0.0,0.5,0.0
M000317,O00028,D00018,R00003,Heart,False,False,False,True,True,True,False,False,0.75,0.186,1755.8,1755.8,0.5,0.0
M000318,O00028,D00018,R00005,Heart,False,False,True,True,True,True,False,False,0.25,0.54,515.24,515.2,0.5,0.0
M000319,O00028,D00018,R00012,Heart,False,False,True,True,True,True,False,False,0.25,1.0,1755.8,1755.8,0.5,0.0
M000320,O00028,D00018,R00014,Heart,False,False,True,True,True,True,True,False,0.5,1.0,290.17,290.2,1.0,0.0
M000321,O00028,D00018,R00020,Heart,True,True,True,True,False,True,True,False,0.5,1.0,1033.1,1033.1,1.0,0.0
M000322,O00028,D00018,R00032,Heart,False,False,True,True,True,True,False,False,0.25,1.0,1755.8,1755.8,0.5,0.0
M000323,O00028,D00018,R00034,Heart,False,False,False,True,True,True,False,False,0.25,0.441,1755.8,1755.8,0.5,0.0
M000324,O00028,D00018,R00035,Heart,False,False,True,True,True,True,True,False,0.25,0.216,290.17,290.2,1.0,0.0
M000325,O00028,D00018,R00036,Heart,True,False,False,False,True,True,False,False,0.5,1.0,0.0,0.0,0.5,0.0
M000326,O00028,D00018,R00043,Heart,False,False,True,True,True,True,False,False,0.75,1.0,515.24,515.2,0.5,0.0
M000327,O00028,D00018,R00047,Heart,True,False,True,True,True,True,True,False,0.25,1.0,290.17,290.2,1.0,0.0
M000328,O00029,D00018,R00015,Kidney,False,False,True,True,True,True,True,False,0.5,1.0,290.17,290.2,1.0,0.0
M000329,O00029,D00018,R00016,Kidney,False,False,True,True,False,True,False,False,0.5,1.0,1755.8,1755.8,0.5,0.0
M000330,O00029,D00018,R00023,Kidney,False,False,True,True,False,True,False,False,0.25,0.7,1755.8,1755.8,0.5,0.0
M000331,O00029,D00018,R00025,Kidney,False,False,True,True,True,True,False,False,0.25,1.0,1755.8,1755.8,0.5,0.0
M000332,O00029,D00018,R00031,Kidney,False,False,True,True,True,True,False,False,0.75,1.0,0.0,0.0,0.5,0.0
M000333,O00029,D00018,R00033,Kidney,False,False,True,True,True,True,True,False,0.5,0.818,290.17,290.2,1.0,0.0
M000334,O00029,D00018,R00044,Kidney,True,True,True,True,True,True,False,True,0.25,1.0,0.0,0.0,0.5,0.6
M000335,O00029,D00018,R00045,Kidney,False,False,True,True,True,True,False,False,0.5,1.0,1755.8,1755.8,0.5,0.0
M000336,O00030,D00019,R00001,Heart,True,False,False,True,True,True,True,False,0.25,1.0,845.32,845.3,1.0,0.0
M000337,O00030,D00019,R00002,Heart,True,True,True,True,True,True,False,True,0.25,1.0,290.17,290.2,0.5,0.5782
M000338,O00030,D00019,R00003,Heart,False,False,True,True,True,True,False,False,0.75,0.186,1739.8,1739.8,0.5,0.0
M000339,O00030,D00019,R00005,Heart,True,True,False,True,True,True,False,False,0.25,0.54,499.99,500.0,0.5,0.0
M000340,O00030,D00019,R00012,Heart,False,False,False,True,True,True,False,False,0.25,1.0,1739.8,1739.8,0.5,0.0
M000341,O00030,D00019,R00014,Heart,True,True,True,True,True,True,True,True,0.5,1.0,0.0,0.0,1.0,0.8
M000342,O00030,D00019,R00020,Heart,True,True,True,True,False,True,True,False,0.5,1.0,845.32,845.3,1.0,0.0
M000343,O00030,D00019,R00032,Heart,False,False,True,True,True,True,False,False,0.25,1.0,1739.8,1739.8,0.5,0.0
M000344,O00030,D00019,R00034,Heart,False,False,True,True,True,True,False,False,0.25,0.441,1739.8,1739.8,0.5,0.0
M000345,O00030,D00019,R00035,Heart,True,True,False,True,True,True,True,False,0.25,0.216,0.0,0.0,1.0,0.0
M000346,O00030,D00019,R00036,Heart,True,True,True,False,True,True,False,False,0.5,1.0,290.17,290.2,0.5,0.0
M000347,O00030,D00019,R00043,Heart,True,True,False,True,True,True,False,False,0.75,1.0,499.99,500.0,0.5,0.0
M000348,O00030,D00019,R00047,Heart,True,True,False,True,True,True,True,False,0.25,1.0,0.0,0.0,1.0,0.0
M000349,O00031,D00019,R00015,Kidney,True,True,True,True,True,True,True,True,0.5,1.0,0.0,0.0,1.0,0.8
M000350,O00031,D00019,R00016,Kidney,True,True,True,True,False,True,False,False,0.5,1.0,1739.8,1739.8,0.5,0.0
M000351,O00031,D00019,R00023,Kidney,True,True,True,True,False,True,False,False,0.25,0.7,1739.8,1739.8,0.5,0.0
M000352,O00031,D00019,R00025,Kidney,False,False,True,True,True,True,False,False,0.25,1.0,1739.8,1739.8,0.5,0.0
M000353,O00031,D00019,R00031,Kidney,True,True,True,True,True,True,False,True,0.75,1.0,290.17,290.2,0.5,0.7782
M000354,O00031,D00019,R00033,Kidney,False,False,True,True,True,True,True,False,0.5,0.818,0.0,0.0,1.0,0.0
M000355,O00031,D00019,R00044,Kidney,True,True,True,True,True,True,False,True,0.25,1.0,290.17,290.2,0.5,0.5782
M000356,O00031,D00019,R00045,Kidney,False,False,True,True,True,True,False,False,0.5,1.0,1739.8,1739.8,0.5,0.0
