organ_id,donor_id,organ_type,retrieval_datetime,preservation_method,organ_condition_category,status,current_hospital_id
O00001,D00002,Lung,2026-08-19 00:41:31.521865,Cold_Storage,Acceptable,Available,H0003
O00002,D00002,Liver,2026-08-19 07:41:31.521889,Cold_Storage,Acceptable,Available,H0003
O00003,D00003,Lung,2026-08-19 03:41:31.521962,Machine_Perfusion,Acceptable,Available,H0003
O00004,D00004,Lung,2026-08-19 04:41:31.522023,Cold_Storage,Good,Available,H0001
O00005,D00004,Kidney,2026-08-18 20:41:31.522066,Machine_Perfusion,Good,Available,H0001
O00006,D00004,Heart,2026-08-19 07:41:31.522078,Machine_Perfusion,Good,Available,H0001
O00007,D00004,Liver,2026-08-19 07:41:31.522085,Cold_Storage,Good,Available,H0001
O00008,D00005,Kidney,2026-08-18 21:41:31.522161,Cold_Storage,Acceptable,Available,H0002
O00009,D00007,Kidney,2026-08-19 06:41:31.522270,Machine_Perfusion,Acceptable,Available,H0004
O00010,D00007,Heart,2026-08-19 03:41:31.522281,Cold_Storage,Acceptable,Available,H0004
O00011,D00009,Lung,2026-08-19 00:41:31.522377,Machine_Perfusion,Good,Available,H0004
O00012,D00009,Kidney,2026-08-19 07:41:31.522387,Machine_Perfusion,Good,Available,H0004
O00013,D00009,Liver,2026-08-19 06:41:31.522394,Cold_Storage,Acceptable,Available,H0004
O00014,D00011,Kidney,2026-08-19 03:41:31.522472,Cold_Storage,Acceptable,Available,H0004
O00015,D00011,Lung,2026-08-18 23:41:31.522481,Machine_Perfusion,Good,Available,H0004
O00016,D00011,Liver,2026-08-18 21:41:31.522487,Machine_Perfusion,Good,Available,H0004
O00017,D00012,Heart,2026-08-19 06:41:31.522528,Cold_Storage,Acceptable,Available,H0004
O00018,D00012,Kidney,2026-08-19 03:41:31.522536,Cold_Storage,Acceptable,Available,H0004
O00019,D00013,Heart,2026-08-19 00:41:31.522577,Machine_Perfusion,Good,Available,H0005
O00020,D00013,Lung,2026-08-19 06:41:31.522586,Machine_Perfusion,Acceptable,Available,H0005
O00021,D00014,Kidney,2026-08-19 02:41:31.522627,Cold_Storage,Acceptable,Available,H0005
O00022,D00015,Lung,2026-08-18 20:41:31.522670,Machine_Perfusion,Good,Available,H0001
O00023,D00015,Heart,2026-08-19 06:41:31.522694,Cold_Storage,Good,Available,H0001
O00024,D00016,Heart,2026-08-18 22:41:31.522747,Cold_Storage,Acceptable,Available,H0003
O00025,D00017,Kidney,2026-08-19 02:41:31.522792,Cold_Storage,Acceptable,Available,H0004
O00026,D00017,Liver,2026-08-19 04:41:31.522801,Cold_Storage,Good,Available,H0004
O00027,D00018,Lung,2026-08-19 04:41:31.522845,Cold_Storage,Good,Available,H0001
O00028,D00018,Heart,2026-08-19 01:41:31.522853,Cold_Storage,Good,Available,H0001
O00029,D00018,Kidney,2026-08-18 20:41:31.522858,Machine_Perfusion,Acceptable,Available,H0001
O00030,D00019,Heart,2026-08-18 20:41:31.522900,Cold_Storage,Acceptable,Available,H0002
O00031,D00019,Kidney,2026-08-19 07:41:31.522908,Machine_Perfusion,Good,Available,H0002
