recipient_id,hospital_id,required_organ,age,sex,blood_group,registration_date,waiting_days,urgency_category,medical_risk_level,medical_history_category,active_status,consent_status
R00001,H0004,Heart,32,Male,O-,2023-02-16,1280,Routine,Low,Relevant_Medical_History,Active,Verified
R00002,H0001,Heart,43,Female,O-,2022-08-12,1468,Routine,Low,No_Major_History,Temporarily_Inactive,Verified
R00003,H0005,Heart,45,Female,B+,2026-02-14,186,Urgent,High,Controlled_Condition,Active,Verified
R00004,H0004,Liver,45,Male,A+,2023-09-11,1073,Super_Urgent,Critical,Controlled_Condition,Active,Verified
R00005,H0003,Heart,37,Female,AB-,2025-02-25,540,Routine,Low,Controlled_Condition,Active,Verified
R00006,H0002,Liver,42,Male,B-,2021-11-01,1752,Routine,Low,Controlled_Condition,Active,Pending
R00007,H0003,Liver,56,Female,AB+,2021-09-24,1790,Routine,Low,Controlled_Condition,Active,Verified
R00008,H0004,Liver,60,Female,O+,2025-08-07,377,Priority,Moderate,No_Major_History,Active,Verified
R00009,H0002,Liver,48,Male,AB+,2026-04-11,130,Super_Urgent,Critical,Controlled_Condition,Temporarily_Inactive,Verified
R00010,H0004,Lung,59,Male,O+,2022-01-26,1666,Urgent,High,Controlled_Condition,Active,Verified
R00011,H0005,Lung,25,Female,A-,2025-12-27,235,Priority,Moderate,Controlled_Condition,Active,Rejected
R00012,H0005,Heart,64,Female,AB+,2021-08-03,1842,Routine,Low,No_Major_History,Active,Verified
R00013,H0003,Liver,51,Female,A+,2023-06-11,1165,Routine,Low,Controlled_Condition,Active,Verified
R00014,H0002,Heart,52,Male,A-,2022-10-14,1405,Priority,Moderate,No_Major_History,Active,Verified
R00015,H0002,Kidney,52,Female,AB-,2021-11-24,1729,Priority,Moderate,No_Major_History,Active,Verified
R00016,H0005,Kidney,18,Female,B-,2020-02-04,2388,Priority,Moderate,Controlled_Condition,Temporarily_Inactive,Rejected
R00017,H0004,Liver,45,Female,O-,2021-01-28,2029,Urgent,High,Controlled_Condition,Active,Verified
R00018,H0004,Liver,57,Male,AB-,2021-04-23,1944,Routine,Low,Relevant_Medical_History,Active,Pending
R00019,H0004,Liver,34,Female,B+,2021-05-16,1921,Urgent,High,No_Major_History,Active,Verified
R00020,H0004,Heart,23,Female,O-,2021-10-28,1756,Priority,Moderate,Relevant_Medical_History,Active,Rejected
R00021,H0003,Liver,59,Male,O-,2025-10-12,311,Routine,Low,No_Major_History,Active,Pending
R00022,H0002,Liver,25,Male,AB+,2025-02-18,547,Priority,Moderate,Relevant_Medical_History,Active,Verified
R00023,H0005,Kidney,24,Male,B-,2024-09-18,700,Routine,Low,Relevant_Medical_History,Active,Rejected
R00024,H0004,Liver,58,Male,O+,2025-09-12,341,Priority,Moderate,Relevant_Medical_History,Inactive,Verified
R00025,H0005,Kidney,40,Female,B+,2020-03-15,2348,Routine,Low,No_Major_History,Active,Verified
R00026,H0004,Lung,41,Female,A-,2025-05-14,462,Priority,Moderate,Controlled_Condition,Active,Verified
R00027,H0003,Lung,64,Female,B+,2021-05-03,1934,Priority,Moderate,No_Major_History,Temporarily_Inactive,Verified
R00028,H0004,Liver,60,Female,B+,2021-05-04,1933,Priority,Moderate,No_Major_History,Active,Verified
R00029,H0004,Liver,39,Female,B-,2022-07-28,1483,Routine,Low,Relevant_Medical_History,Active,Verified
R00030,H0001,Liver,66,Male,AB+,2021-12-29,1694,Priority,Moderate,Relevant_Medical_History,Active,Verified
R00031,H0001,Kidney,62,Male,B-,2023-04-02,1235,Urgent,High,Relevant_Medical_History,Active,Verified
R00032,H0005,Heart,53,Female,B+,2021-10-12,1772,Routine,Low,Relevant_Medical_History,Active,Verified
R00033,H0002,Kidney,65,Male,A+,2024-05-23,818,Priority,Moderate,No_Major_History,Active,Verified
R00034,H0005,Heart,36,Male,B+,2025-06-04,441,Routine,Low,No_Major_History,Active,Verified
R00035,H0002,Heart,53,Female,A-,2026-01-15,216,Routine,Low,Relevant_Medical_History,Temporarily_Inactive,Verified
R00036,H0001,Heart,39,Male,O-,2021-04-15,1952,Priority,Moderate,Controlled_Condition,Transplanted,Verified
R00037,H0001,Lung,58,Male,A-,2021-01-13,2044,Urgent,High,No_Major_History,Inactive,Verified
R00038,H0001,Liver,44,Male,AB-,2025-03-22,515,Priority,Moderate,Controlled_Condition,Transplanted,Verified
R00039,H0005,Lung,21,Male,A+,2023-02-16,1280,Priority,Moderate,Relevant_Medical_History,Active,Verified
R00040,H0002,Liver,28,Male,AB-,2024-08-08,741,Priority,Moderate,Controlled_Condition,Active,Verified
R00041,H0001,Liver,62,Female,O+,2023-04-27,1210,Routine,Low,Relevant_Medical_History,Active,Verified
R00042,H0005,Liver,32,Male,B-,2021-10-13,1771,Urgent,High,No_Major_History,Active,Verified
R00043,H0003,Heart,62,Female,AB-,2021-08-17,1828,Urgent,High,Controlled_Condition,Active,Verified
R00044,H0001,Kidney,56,Female,O-,2021-09-15,1799,Routine,Low,No_Major_History,Active,Verified
R00045,H0005,Kidney,66,Male,AB+,2023-07-13,1133,Priority,Moderate,Relevant_Medical_History,Active,Verified
R00046,H0002,Lung,48,Female,AB-,2021-01-13,2044,Routine,Low,Controlled_Condition,Active,Verified
R00047,H0002,Heart,36,Female,O-,2021-12-07,1716,Routine,Low,Controlled_Condition,Active,Verified
R00048,H0001,Lung,18,Female,AB-,2020-10-12,2137,Routine,Low,No_Major_History,Active,Verified
R00049,H0004,Lung,53,Male,B-,2025-12-21,241,Urgent,High,Controlled_Condition,Temporarily_Inactive,Verified
R00050,H0001,Liver,18,Female,O+,2024-10-10,678,Priority,Moderate,No_Major_History,Removed,Verified
